code;pairCode;name;manufacturer;itemType;ean;productNumber;defaultImage;image;image2;image3;image4;image5;image6;image7;image8;image9;image10;image11;image12;image13;defaultCategory;categoryText;categoryText2;categoryText3;categoryText4;pricelist:6:price;pricelist:6:standardPrice;pricelist:6:purchasePrice;variant:Barva;variant:Pøíchu;variant:Váha;variant:ZVOL PØÍCHU 1;variant:ZVOL PØÍCHU 2;stock;stockLocation;availabilityInStock;packageAmount;packageAmountUnit;measureAmount;measureAmountUnit;internalNote
46;;Arginine AKG – 250 g;Protein&Co.;product;745125345192;;;https://cdn.myshoptet.com/usr/www.proteinaco.cz/user/shop/orig/46-1_1100x825-arginine-01.jpg?5e0d0c2c;;;;;;;;;;;;;Sportovní výživa > Aminokyseliny;Sportovní výživa > Aminokyseliny;Vánoèní dárky;;;260,00;;;;;;;;2;;Skladem;;;;;
49;;Beta-Alanine 250 g;Protein&Co.;product;745125345208;;;https://cdn.myshoptet.com/usr/www.proteinaco.cz/user/shop/orig/49-1_1100x825-beta-alanine-01.jpg?5e0d0c9d;;;;;;;;;;;;;Sportovní výživa > Aminokyseliny;Sportovní výživa > Aminokyseliny;Sportovní výživa > Anabolizéry, nakopávaèe, NO;;;221,00;;;;;;;;-8;;Skladem;;;;;
52;;Glutamine – 250 g;Protein&Co.;product;745125345338;;;https://cdn.myshoptet.com/usr/www.proteinaco.cz/user/shop/orig/52-1_1100x825-glutamine-01.jpg?5e0d0d5e;;;;;;;;;;;;;Sportovní výživa > Aminokyseliny;Sportovní výživa > Aminokyseliny;Sportovní výživa > Anabolizéry, nakopávaèe, NO;Vánoèní dárky;;197,00;;;;;;;;-56;;Skladem;;;;;
58;;Creatine monohydrate 500 g;Protein&Co.;product;745125345314;;;https://cdn.myshoptet.com/usr/www.proteinaco.cz/user/shop/orig/58-1_1100x825-creatine-01.jpg?5e0d0d45;;;;;;;;;;;;;Sportovní výživa > Kreatin;Sportovní výživa > Aminokyseliny;Sportovní výživa > Kreatin;Sportovní výživa > Anabolizéry, nakopávaèe, NO;Vánoèní dárky;158,00;;;;;;;;-186;;Skladem;;;;;
61;;Booster - nakopávaè 30 dávek;Protein&Co.;product;;;;https://cdn.myshoptet.com/usr/www.proteinaco.cz/user/shop/orig/61_booster.jpg?5b55f8d5;;;;;;;;;;;;;Sportovní výživa > Anabolizéry, nakopávaèe, NO;Sportovní výživa > Anabolizéry, nakopávaèe, NO;;;;;;;;;;;;0;;Skladem;;;;;
64;;BURNER - spalovaè tukù 50cps;Protein&Co.;product;745125345222;;;https://cdn.myshoptet.com/usr/www.proteinaco.cz/user/shop/orig/64-1_1100x825-burner-01.jpg?5e0d0cc3;;;;;;;;;;;;;Sportovní výživa > Spalovaèe tukù;Sportovní výživa > Spalovaèe tukù;;;;299,00;;;;;;;;0;;Skladem;;;;;
67/BAN;1;CFM WHEY PROTEIN 80 1 kg – 8 pøíchutí;Protein&Co.;product;745125345024;;https://cdn.myshoptet.com/usr/www.proteinaco.cz/user/shop/orig/67-8_banan-1000-protein-01.jpg?5e8f87ea;https://cdn.myshoptet.com/usr/www.proteinaco.cz/user/shop/orig/67-8_banan-1000-protein-01.jpg?5e8f87ea;https://cdn.myshoptet.com/usr/www.proteinaco.cz/user/shop/orig/67-9_cokobanan-1000-protein-01.jpg?5e8f87eb;https://cdn.myshoptet.com/usr/www.proteinaco.cz/user/shop/orig/67-10_cokolada-1000-protein-01.jpg?5e8f87eb;https://cdn.myshoptet.com/usr/www.proteinaco.cz/user/shop/orig/67-11_jahoda-1000-protein-01.jpg?5e8f87eb;https://cdn.myshoptet.com/usr/www.proteinaco.cz/user/shop/orig/67-12_orisek-1000-protein-01.jpg?5e8f87ec;https://cdn.myshoptet.com/usr/www.proteinaco.cz/user/shop/orig/67-13_pistacie-1000-protein-01.jpg?5e8f87ec;https://cdn.myshoptet.com/usr/www.proteinaco.cz/user/shop/orig/67-14_tresen-1000-protein-01.jpg?5e8f87ed;https://cdn.myshoptet.com/usr/www.proteinaco.cz/user/shop/orig/67-15_vanilka-1000-protein-01.jpg?5e8f87ed;;;;;;Sportovní výživa > Proteiny;Sportovní výživa > Proteiny;;;;299,00;;;;Banana split;;;;-30;;Skladem;;;;;
67/HAZ;1;CFM WHEY PROTEIN 80 1 kg – 8 pøíchutí;Protein&Co.;product;745125345062;;https://cdn.myshoptet.com/usr/www.proteinaco.cz/user/shop/orig/67-12_orisek-1000-protein-01.jpg?5e8f87ec;https://cdn.myshoptet.com/usr/www.proteinaco.cz/user/shop/orig/67-8_banan-1000-protein-01.jpg?5e8f87ea;https://cdn.myshoptet.com/usr/www.proteinaco.cz/user/shop/orig/67-9_cokobanan-1000-protein-01.jpg?5e8f87eb;https://cdn.myshoptet.com/usr/www.proteinaco.cz/user/shop/orig/67-10_cokolada-1000-protein-01.jpg?5e8f87eb;https://cdn.myshoptet.com/usr/www.proteinaco.cz/user/shop/orig/67-11_jahoda-1000-protein-01.jpg?5e8f87eb;https://cdn.myshoptet.com/usr/www.proteinaco.cz/user/shop/orig/67-12_orisek-1000-protein-01.jpg?5e8f87ec;https://cdn.myshoptet.com/usr/www.proteinaco.cz/user/shop/orig/67-13_pistacie-1000-protein-01.jpg?5e8f87ec;https://cdn.myshoptet.com/usr/www.proteinaco.cz/user/shop/orig/67-14_tresen-1000-protein-01.jpg?5e8f87ed;https://cdn.myshoptet.com/usr/www.proteinaco.cz/user/shop/orig/67-15_vanilka-1000-protein-01.jpg?5e8f87ed;;;;;;Sportovní výživa > Proteiny;Sportovní výživa > Proteiny;;;;299,00;;;;hazelnut treat;;;;-12;;Skladem;;;;;
67/CHO;1;CFM WHEY PROTEIN 80 1 kg – 8 pøíchutí;Protein&Co.;product;745125345048;;https://cdn.myshoptet.com/usr/www.proteinaco.cz/user/shop/orig/67-10_cokolada-1000-protein-01.jpg?5e8f87eb;https://cdn.myshoptet.com/usr/www.proteinaco.cz/user/shop/orig/67-8_banan-1000-protein-01.jpg?5e8f87ea;https://cdn.myshoptet.com/usr/www.proteinaco.cz/user/shop/orig/67-9_cokobanan-1000-protein-01.jpg?5e8f87eb;https://cdn.myshoptet.com/usr/www.proteinaco.cz/user/shop/orig/67-10_cokolada-1000-protein-01.jpg?5e8f87eb;https://cdn.myshoptet.com/usr/www.proteinaco.cz/user/shop/orig/67-11_jahoda-1000-protein-01.jpg?5e8f87eb;https://cdn.myshoptet.com/usr/www.proteinaco.cz/user/shop/orig/67-12_orisek-1000-protein-01.jpg?5e8f87ec;https://cdn.myshoptet.com/usr/www.proteinaco.cz/user/shop/orig/67-13_pistacie-1000-protein-01.jpg?5e8f87ec;https://cdn.myshoptet.com/usr/www.proteinaco.cz/user/shop/orig/67-14_tresen-1000-protein-01.jpg?5e8f87ed;https://cdn.myshoptet.com/usr/www.proteinaco.cz/user/shop/orig/67-15_vanilka-1000-protein-01.jpg?5e8f87ed;;;;;;Sportovní výživa > Proteiny;Sportovní výživa > Proteiny;;;;299,00;;;;Chocolate brownie;;;;-36;;Skladem;;;;;
67/CHO2;1;CFM WHEY PROTEIN 80 1 kg – 8 pøíchutí;Protein&Co.;product;745125345031;;https://cdn.myshoptet.com/usr/www.proteinaco.cz/user/shop/orig/67-9_cokobanan-1000-protein-01.jpg?5e8f87eb;https://cdn.myshoptet.com/usr/www.proteinaco.cz/user/shop/orig/67-8_banan-1000-protein-01.jpg?5e8f87ea;https://cdn.myshoptet.com/usr/www.proteinaco.cz/user/shop/orig/67-9_cokobanan-1000-protein-01.jpg?5e8f87eb;https://cdn.myshoptet.com/usr/www.proteinaco.cz/user/shop/orig/67-10_cokolada-1000-protein-01.jpg?5e8f87eb;https://cdn.myshoptet.com/usr/www.proteinaco.cz/user/shop/orig/67-11_jahoda-1000-protein-01.jpg?5e8f87eb;https://cdn.myshoptet.com/usr/www.proteinaco.cz/user/shop/orig/67-12_orisek-1000-protein-01.jpg?5e8f87ec;https://cdn.myshoptet.com/usr/www.proteinaco.cz/user/shop/orig/67-13_pistacie-1000-protein-01.jpg?5e8f87ec;https://cdn.myshoptet.com/usr/www.proteinaco.cz/user/shop/orig/67-14_tresen-1000-protein-01.jpg?5e8f87ed;https://cdn.myshoptet.com/usr/www.proteinaco.cz/user/shop/orig/67-15_vanilka-1000-protein-01.jpg?5e8f87ed;;;;;;Sportovní výživa > Proteiny;Sportovní výživa > Proteiny;;;;299,00;;;;Chocobanana symphony;;;;-15;;Skladem;;;;;
67/PIS;1;CFM WHEY PROTEIN 80 1 kg – 8 pøíchutí;Protein&Co.;product;745125345079;;https://cdn.myshoptet.com/usr/www.proteinaco.cz/user/shop/orig/67-13_pistacie-1000-protein-01.jpg?5e8f87ec;https://cdn.myshoptet.com/usr/www.proteinaco.cz/user/shop/orig/67-8_banan-1000-protein-01.jpg?5e8f87ea;https://cdn.myshoptet.com/usr/www.proteinaco.cz/user/shop/orig/67-9_cokobanan-1000-protein-01.jpg?5e8f87eb;https://cdn.myshoptet.com/usr/www.proteinaco.cz/user/shop/orig/67-10_cokolada-1000-protein-01.jpg?5e8f87eb;https://cdn.myshoptet.com/usr/www.proteinaco.cz/user/shop/orig/67-11_jahoda-1000-protein-01.jpg?5e8f87eb;https://cdn.myshoptet.com/usr/www.proteinaco.cz/user/shop/orig/67-12_orisek-1000-protein-01.jpg?5e8f87ec;https://cdn.myshoptet.com/usr/www.proteinaco.cz/user/shop/orig/67-13_pistacie-1000-protein-01.jpg?5e8f87ec;https://cdn.myshoptet.com/usr/www.proteinaco.cz/user/shop/orig/67-14_tresen-1000-protein-01.jpg?5e8f87ed;https://cdn.myshoptet.com/usr/www.proteinaco.cz/user/shop/orig/67-15_vanilka-1000-protein-01.jpg?5e8f87ed;;;;;;Sportovní výživa > Proteiny;Sportovní výživa > Proteiny;;;;299,00;;;;Pistachio dessert;;;;-43;;Skladem;;;;;
67/PLA;1;CFM WHEY PROTEIN 80 1 kg – 8 pøíchutí;Protein&Co.;product;745125345093;;https://cdn.myshoptet.com/usr/www.proteinaco.cz/user/shop/orig/67-14_tresen-1000-protein-01.jpg?5e8f87ed;https://cdn.myshoptet.com/usr/www.proteinaco.cz/user/shop/orig/67-8_banan-1000-protein-01.jpg?5e8f87ea;https://cdn.myshoptet.com/usr/www.proteinaco.cz/user/shop/orig/67-9_cokobanan-1000-protein-01.jpg?5e8f87eb;https://cdn.myshoptet.com/usr/www.proteinaco.cz/user/shop/orig/67-10_cokolada-1000-protein-01.jpg?5e8f87eb;https://cdn.myshoptet.com/usr/www.proteinaco.cz/user/shop/orig/67-11_jahoda-1000-protein-01.jpg?5e8f87eb;https://cdn.myshoptet.com/usr/www.proteinaco.cz/user/shop/orig/67-12_orisek-1000-protein-01.jpg?5e8f87ec;https://cdn.myshoptet.com/usr/www.proteinaco.cz/user/shop/orig/67-13_pistacie-1000-protein-01.jpg?5e8f87ec;https://cdn.myshoptet.com/usr/www.proteinaco.cz/user/shop/orig/67-14_tresen-1000-protein-01.jpg?5e8f87ed;https://cdn.myshoptet.com/usr/www.proteinaco.cz/user/shop/orig/67-15_vanilka-1000-protein-01.jpg?5e8f87ed;;;;;;Sportovní výživa > Proteiny;Sportovní výživa > Proteiny;;;;299,00;;;;playful cherry;;;;-9;;Skladem;;;;;
67/STR;1;CFM WHEY PROTEIN 80 1 kg – 8 pøíchutí;Protein&Co.;product;745125345055;;https://cdn.myshoptet.com/usr/www.proteinaco.cz/user/shop/orig/67-11_jahoda-1000-protein-01.jpg?5e8f87eb;https://cdn.myshoptet.com/usr/www.proteinaco.cz/user/shop/orig/67-8_banan-1000-protein-01.jpg?5e8f87ea;https://cdn.myshoptet.com/usr/www.proteinaco.cz/user/shop/orig/67-9_cokobanan-1000-protein-01.jpg?5e8f87eb;https://cdn.myshoptet.com/usr/www.proteinaco.cz/user/shop/orig/67-10_cokolada-1000-protein-01.jpg?5e8f87eb;https://cdn.myshoptet.com/usr/www.proteinaco.cz/user/shop/orig/67-11_jahoda-1000-protein-01.jpg?5e8f87eb;https://cdn.myshoptet.com/usr/www.proteinaco.cz/user/shop/orig/67-12_orisek-1000-protein-01.jpg?5e8f87ec;https://cdn.myshoptet.com/usr/www.proteinaco.cz/user/shop/orig/67-13_pistacie-1000-protein-01.jpg?5e8f87ec;https://cdn.myshoptet.com/usr/www.proteinaco.cz/user/shop/orig/67-14_tresen-1000-protein-01.jpg?5e8f87ed;https://cdn.myshoptet.com/usr/www.proteinaco.cz/user/shop/orig/67-15_vanilka-1000-protein-01.jpg?5e8f87ed;;;;;;Sportovní výživa > Proteiny;Sportovní výživa > Proteiny;;;;299,00;;;;Strawberry milkshake;;;;-28;;Skladem;;;;;
67/VAN;1;CFM WHEY PROTEIN 80 1 kg – 8 pøíchutí;Protein&Co.;product;745125345086;;https://cdn.myshoptet.com/usr/www.proteinaco.cz/user/shop/orig/67-15_vanilka-1000-protein-01.jpg?5e8f87ed;https://cdn.myshoptet.com/usr/www.proteinaco.cz/user/shop/orig/67-8_banan-1000-protein-01.jpg?5e8f87ea;https://cdn.myshoptet.com/usr/www.proteinaco.cz/user/shop/orig/67-9_cokobanan-1000-protein-01.jpg?5e8f87eb;https://cdn.myshoptet.com/usr/www.proteinaco.cz/user/shop/orig/67-10_cokolada-1000-protein-01.jpg?5e8f87eb;https://cdn.myshoptet.com/usr/www.proteinaco.cz/user/shop/orig/67-11_jahoda-1000-protein-01.jpg?5e8f87eb;https://cdn.myshoptet.com/usr/www.proteinaco.cz/user/shop/orig/67-12_orisek-1000-protein-01.jpg?5e8f87ec;https://cdn.myshoptet.com/usr/www.proteinaco.cz/user/shop/orig/67-13_pistacie-1000-protein-01.jpg?5e8f87ec;https://cdn.myshoptet.com/usr/www.proteinaco.cz/user/shop/orig/67-14_tresen-1000-protein-01.jpg?5e8f87ed;https://cdn.myshoptet.com/usr/www.proteinaco.cz/user/shop/orig/67-15_vanilka-1000-protein-01.jpg?5e8f87ed;;;;;;Sportovní výživa > Proteiny;Sportovní výživa > Proteiny;;;;299,00;;;;Vanilla dream;;;;-21;;Skladem;;;;;
70/BAN;2;STEVIA WHEY 80 1kg - 7 pøíchutí;Protein&Co.;product;;;https://cdn.myshoptet.com/usr/www.proteinaco.cz/user/shop/orig/70-7_stevia-whey-80-1kg-7-prichuti.jpg?5b8034ae;https://cdn.myshoptet.com/usr/www.proteinaco.cz/user/shop/orig/70_stevia-whey-80-1kg-7-prichuti.jpg?5b563adf;https://cdn.myshoptet.com/usr/www.proteinaco.cz/user/shop/orig/70-1_stevia-whey-80-1kg-7-prichuti.jpg?5b563ae3;https://cdn.myshoptet.com/usr/www.proteinaco.cz/user/shop/orig/70-2_stevia-whey-80-1kg-7-prichuti.jpg?5b563ae6;https://cdn.myshoptet.com/usr/www.proteinaco.cz/user/shop/orig/70-3_stevia-whey-80-1kg-7-prichuti.jpg?5b563ae9;https://cdn.myshoptet.com/usr/www.proteinaco.cz/user/shop/orig/70-4_stevia-whey-80-1kg-7-prichuti.jpg?5b563aec;https://cdn.myshoptet.com/usr/www.proteinaco.cz/user/shop/orig/70-5_stevia-whey-80-1kg-7-prichuti.jpg?5b563aef;https://cdn.myshoptet.com/usr/www.proteinaco.cz/user/shop/orig/70-6_stevia-whey-80-1kg-7-prichuti.jpg?5b563af2;https://cdn.myshoptet.com/usr/www.proteinaco.cz/user/shop/orig/70-7_stevia-whey-80-1kg-7-prichuti.jpg?5b8034ae;https://cdn.myshoptet.com/usr/www.proteinaco.cz/user/shop/orig/70-8_stevia-whey-80-1kg-7-prichuti.jpg?5b8034b1;https://cdn.myshoptet.com/usr/www.proteinaco.cz/user/shop/orig/70-9_stevia-whey-80-1kg-7-prichuti.jpg?5b8034bf;https://cdn.myshoptet.com/usr/www.proteinaco.cz/user/shop/orig/70-10_stevia-whey-80-1kg-7-prichuti.jpg?5b8034c2;https://cdn.myshoptet.com/usr/www.proteinaco.cz/user/shop/orig/70-11_stevia-whey-80-1kg-7-prichuti.jpg?5b8034c7;https://cdn.myshoptet.com/usr/www.proteinaco.cz/user/shop/orig/70-12_stevia-whey-80-1kg-7-prichuti.jpg?5b8034cd;Sportovní výživa > Proteiny;Sportovní výživa > Proteiny;;;;;;;;Banana split;;;;0;;Skladem;;;;;
70/CHO;2;STEVIA WHEY 80 1kg - 7 pøíchutí;Protein&Co.;product;;;https://cdn.myshoptet.com/usr/www.proteinaco.cz/user/shop/orig/70-9_stevia-whey-80-1kg-7-prichuti.jpg?5b8034bf;https://cdn.myshoptet.com/usr/www.proteinaco.cz/user/shop/orig/70_stevia-whey-80-1kg-7-prichuti.jpg?5b563adf;https://cdn.myshoptet.com/usr/www.proteinaco.cz/user/shop/orig/70-1_stevia-whey-80-1kg-7-prichuti.jpg?5b563ae3;https://cdn.myshoptet.com/usr/www.proteinaco.cz/user/shop/orig/70-2_stevia-whey-80-1kg-7-prichuti.jpg?5b563ae6;https://cdn.myshoptet.com/usr/www.proteinaco.cz/user/shop/orig/70-3_stevia-whey-80-1kg-7-prichuti.jpg?5b563ae9;https://cdn.myshoptet.com/usr/www.proteinaco.cz/user/shop/orig/70-4_stevia-whey-80-1kg-7-prichuti.jpg?5b563aec;https://cdn.myshoptet.com/usr/www.proteinaco.cz/user/shop/orig/70-5_stevia-whey-80-1kg-7-prichuti.jpg?5b563aef;https://cdn.myshoptet.com/usr/www.proteinaco.cz/user/shop/orig/70-6_stevia-whey-80-1kg-7-prichuti.jpg?5b563af2;https://cdn.myshoptet.com/usr/www.proteinaco.cz/user/shop/orig/70-7_stevia-whey-80-1kg-7-prichuti.jpg?5b8034ae;https://cdn.myshoptet.com/usr/www.proteinaco.cz/user/shop/orig/70-8_stevia-whey-80-1kg-7-prichuti.jpg?5b8034b1;https://cdn.myshoptet.com/usr/www.proteinaco.cz/user/shop/orig/70-9_stevia-whey-80-1kg-7-prichuti.jpg?5b8034bf;https://cdn.myshoptet.com/usr/www.proteinaco.cz/user/shop/orig/70-10_stevia-whey-80-1kg-7-prichuti.jpg?5b8034c2;https://cdn.myshoptet.com/usr/www.proteinaco.cz/user/shop/orig/70-11_stevia-whey-80-1kg-7-prichuti.jpg?5b8034c7;https://cdn.myshoptet.com/usr/www.proteinaco.cz/user/shop/orig/70-12_stevia-whey-80-1kg-7-prichuti.jpg?5b8034cd;Sportovní výživa > Proteiny;Sportovní výživa > Proteiny;;;;;;;;Chocolate brownie;;;;0;;Skladem;;;;;
70/CHO2;2;STEVIA WHEY 80 1kg - 7 pøíchutí;Protein&Co.;product;;;https://cdn.myshoptet.com/usr/www.proteinaco.cz/user/shop/orig/70-8_stevia-whey-80-1kg-7-prichuti.jpg?5b8034b1;https://cdn.myshoptet.com/usr/www.proteinaco.cz/user/shop/orig/70_stevia-whey-80-1kg-7-prichuti.jpg?5b563adf;https://cdn.myshoptet.com/usr/www.proteinaco.cz/user/shop/orig/70-1_stevia-whey-80-1kg-7-prichuti.jpg?5b563ae3;https://cdn.myshoptet.com/usr/www.proteinaco.cz/user/shop/orig/70-2_stevia-whey-80-1kg-7-prichuti.jpg?5b563ae6;https://cdn.myshoptet.com/usr/www.proteinaco.cz/user/shop/orig/70-3_stevia-whey-80-1kg-7-prichuti.jpg?5b563ae9;https://cdn.myshoptet.com/usr/www.proteinaco.cz/user/shop/orig/70-4_stevia-whey-80-1kg-7-prichuti.jpg?5b563aec;https://cdn.myshoptet.com/usr/www.proteinaco.cz/user/shop/orig/70-5_stevia-whey-80-1kg-7-prichuti.jpg?5b563aef;https://cdn.myshoptet.com/usr/www.proteinaco.cz/user/shop/orig/70-6_stevia-whey-80-1kg-7-prichuti.jpg?5b563af2;https://cdn.myshoptet.com/usr/www.proteinaco.cz/user/shop/orig/70-7_stevia-whey-80-1kg-7-prichuti.jpg?5b8034ae;https://cdn.myshoptet.com/usr/www.proteinaco.cz/user/shop/orig/70-8_stevia-whey-80-1kg-7-prichuti.jpg?5b8034b1;https://cdn.myshoptet.com/usr/www.proteinaco.cz/user/shop/orig/70-9_stevia-whey-80-1kg-7-prichuti.jpg?5b8034bf;https://cdn.myshoptet.com/usr/www.proteinaco.cz/user/shop/orig/70-10_stevia-whey-80-1kg-7-prichuti.jpg?5b8034c2;https://cdn.myshoptet.com/usr/www.proteinaco.cz/user/shop/orig/70-11_stevia-whey-80-1kg-7-prichuti.jpg?5b8034c7;https://cdn.myshoptet.com/usr/www.proteinaco.cz/user/shop/orig/70-12_stevia-whey-80-1kg-7-prichuti.jpg?5b8034cd;Sportovní výživa > Proteiny;Sportovní výživa > Proteiny;;;;;;;;Chocobanana symphony;;;;0;;Skladem;;;;;
70/NAT;2;STEVIA WHEY 80 1kg - 7 pøíchutí;Protein&Co.;product;;;https://cdn.myshoptet.com/usr/www.proteinaco.cz/user/shop/orig/70-4_stevia-whey-80-1kg-7-prichuti.jpg?5b563aec;https://cdn.myshoptet.com/usr/www.proteinaco.cz/user/shop/orig/70_stevia-whey-80-1kg-7-prichuti.jpg?5b563adf;https://cdn.myshoptet.com/usr/www.proteinaco.cz/user/shop/orig/70-1_stevia-whey-80-1kg-7-prichuti.jpg?5b563ae3;https://cdn.myshoptet.com/usr/www.proteinaco.cz/user/shop/orig/70-2_stevia-whey-80-1kg-7-prichuti.jpg?5b563ae6;https://cdn.myshoptet.com/usr/www.proteinaco.cz/user/shop/orig/70-3_stevia-whey-80-1kg-7-prichuti.jpg?5b563ae9;https://cdn.myshoptet.com/usr/www.proteinaco.cz/user/shop/orig/70-4_stevia-whey-80-1kg-7-prichuti.jpg?5b563aec;https://cdn.myshoptet.com/usr/www.proteinaco.cz/user/shop/orig/70-5_stevia-whey-80-1kg-7-prichuti.jpg?5b563aef;https://cdn.myshoptet.com/usr/www.proteinaco.cz/user/shop/orig/70-6_stevia-whey-80-1kg-7-prichuti.jpg?5b563af2;https://cdn.myshoptet.com/usr/www.proteinaco.cz/user/shop/orig/70-7_stevia-whey-80-1kg-7-prichuti.jpg?5b8034ae;https://cdn.myshoptet.com/usr/www.proteinaco.cz/user/shop/orig/70-8_stevia-whey-80-1kg-7-prichuti.jpg?5b8034b1;https://cdn.myshoptet.com/usr/www.proteinaco.cz/user/shop/orig/70-9_stevia-whey-80-1kg-7-prichuti.jpg?5b8034bf;https://cdn.myshoptet.com/usr/www.proteinaco.cz/user/shop/orig/70-10_stevia-whey-80-1kg-7-prichuti.jpg?5b8034c2;https://cdn.myshoptet.com/usr/www.proteinaco.cz/user/shop/orig/70-11_stevia-whey-80-1kg-7-prichuti.jpg?5b8034c7;https://cdn.myshoptet.com/usr/www.proteinaco.cz/user/shop/orig/70-12_stevia-whey-80-1kg-7-prichuti.jpg?5b8034cd;Sportovní výživa > Proteiny;Sportovní výživa > Proteiny;;;;;;;;natural flavor;;;;0;;Skladem;;;;;
70/PIS;2;STEVIA WHEY 80 1kg - 7 pøíchutí;Protein&Co.;product;;;https://cdn.myshoptet.com/usr/www.proteinaco.cz/user/shop/orig/70-11_stevia-whey-80-1kg-7-prichuti.jpg?5b8034c7;https://cdn.myshoptet.com/usr/www.proteinaco.cz/user/shop/orig/70_stevia-whey-80-1kg-7-prichuti.jpg?5b563adf;https://cdn.myshoptet.com/usr/www.proteinaco.cz/user/shop/orig/70-1_stevia-whey-80-1kg-7-prichuti.jpg?5b563ae3;https://cdn.myshoptet.com/usr/www.proteinaco.cz/user/shop/orig/70-2_stevia-whey-80-1kg-7-prichuti.jpg?5b563ae6;https://cdn.myshoptet.com/usr/www.proteinaco.cz/user/shop/orig/70-3_stevia-whey-80-1kg-7-prichuti.jpg?5b563ae9;https://cdn.myshoptet.com/usr/www.proteinaco.cz/user/shop/orig/70-4_stevia-whey-80-1kg-7-prichuti.jpg?5b563aec;https://cdn.myshoptet.com/usr/www.proteinaco.cz/user/shop/orig/70-5_stevia-whey-80-1kg-7-prichuti.jpg?5b563aef;https://cdn.myshoptet.com/usr/www.proteinaco.cz/user/shop/orig/70-6_stevia-whey-80-1kg-7-prichuti.jpg?5b563af2;https://cdn.myshoptet.com/usr/www.proteinaco.cz/user/shop/orig/70-7_stevia-whey-80-1kg-7-prichuti.jpg?5b8034ae;https://cdn.myshoptet.com/usr/www.proteinaco.cz/user/shop/orig/70-8_stevia-whey-80-1kg-7-prichuti.jpg?5b8034b1;https://cdn.myshoptet.com/usr/www.proteinaco.cz/user/shop/orig/70-9_stevia-whey-80-1kg-7-prichuti.jpg?5b8034bf;https://cdn.myshoptet.com/usr/www.proteinaco.cz/user/shop/orig/70-10_stevia-whey-80-1kg-7-prichuti.jpg?5b8034c2;https://cdn.myshoptet.com/usr/www.proteinaco.cz/user/shop/orig/70-11_stevia-whey-80-1kg-7-prichuti.jpg?5b8034c7;https://cdn.myshoptet.com/usr/www.proteinaco.cz/user/shop/orig/70-12_stevia-whey-80-1kg-7-prichuti.jpg?5b8034cd;Sportovní výživa > Proteiny;Sportovní výživa > Proteiny;;;;;;;;Pistachio dessert;;;;0;;Skladem;;;;;
70/STR;2;STEVIA WHEY 80 1kg - 7 pøíchutí;Protein&Co.;product;;;https://cdn.myshoptet.com/usr/www.proteinaco.cz/user/shop/orig/70-10_stevia-whey-80-1kg-7-prichuti.jpg?5b8034c2;https://cdn.myshoptet.com/usr/www.proteinaco.cz/user/shop/orig/70_stevia-whey-80-1kg-7-prichuti.jpg?5b563adf;https://cdn.myshoptet.com/usr/www.proteinaco.cz/user/shop/orig/70-1_stevia-whey-80-1kg-7-prichuti.jpg?5b563ae3;https://cdn.myshoptet.com/usr/www.proteinaco.cz/user/shop/orig/70-2_stevia-whey-80-1kg-7-prichuti.jpg?5b563ae6;https://cdn.myshoptet.com/usr/www.proteinaco.cz/user/shop/orig/70-3_stevia-whey-80-1kg-7-prichuti.jpg?5b563ae9;https://cdn.myshoptet.com/usr/www.proteinaco.cz/user/shop/orig/70-4_stevia-whey-80-1kg-7-prichuti.jpg?5b563aec;https://cdn.myshoptet.com/usr/www.proteinaco.cz/user/shop/orig/70-5_stevia-whey-80-1kg-7-prichuti.jpg?5b563aef;https://cdn.myshoptet.com/usr/www.proteinaco.cz/user/shop/orig/70-6_stevia-whey-80-1kg-7-prichuti.jpg?5b563af2;https://cdn.myshoptet.com/usr/www.proteinaco.cz/user/shop/orig/70-7_stevia-whey-80-1kg-7-prichuti.jpg?5b8034ae;https://cdn.myshoptet.com/usr/www.proteinaco.cz/user/shop/orig/70-8_stevia-whey-80-1kg-7-prichuti.jpg?5b8034b1;https://cdn.myshoptet.com/usr/www.proteinaco.cz/user/shop/orig/70-9_stevia-whey-80-1kg-7-prichuti.jpg?5b8034bf;https://cdn.myshoptet.com/usr/www.proteinaco.cz/user/shop/orig/70-10_stevia-whey-80-1kg-7-prichuti.jpg?5b8034c2;https://cdn.myshoptet.com/usr/www.proteinaco.cz/user/shop/orig/70-11_stevia-whey-80-1kg-7-prichuti.jpg?5b8034c7;https://cdn.myshoptet.com/usr/www.proteinaco.cz/user/shop/orig/70-12_stevia-whey-80-1kg-7-prichuti.jpg?5b8034cd;Sportovní výživa > Proteiny;Sportovní výživa > Proteiny;;;;;;;;Strawberry milkshake;;;;0;;Skladem;;;;;
70/VAN;2;STEVIA WHEY 80 1kg - 7 pøíchutí;Protein&Co.;product;;;https://cdn.myshoptet.com/usr/www.proteinaco.cz/user/shop/orig/70-12_stevia-whey-80-1kg-7-prichuti.jpg?5b8034cd;https://cdn.myshoptet.com/usr/www.proteinaco.cz/user/shop/orig/70_stevia-whey-80-1kg-7-prichuti.jpg?5b563adf;https://cdn.myshoptet.com/usr/www.proteinaco.cz/user/shop/orig/70-1_stevia-whey-80-1kg-7-prichuti.jpg?5b563ae3;https://cdn.myshoptet.com/usr/www.proteinaco.cz/user/shop/orig/70-2_stevia-whey-80-1kg-7-prichuti.jpg?5b563ae6;https://cdn.myshoptet.com/usr/www.proteinaco.cz/user/shop/orig/70-3_stevia-whey-80-1kg-7-prichuti.jpg?5b563ae9;https://cdn.myshoptet.com/usr/www.proteinaco.cz/user/shop/orig/70-4_stevia-whey-80-1kg-7-prichuti.jpg?5b563aec;https://cdn.myshoptet.com/usr/www.proteinaco.cz/user/shop/orig/70-5_stevia-whey-80-1kg-7-prichuti.jpg?5b563aef;https://cdn.myshoptet.com/usr/www.proteinaco.cz/user/shop/orig/70-6_stevia-whey-80-1kg-7-prichuti.jpg?5b563af2;https://cdn.myshoptet.com/usr/www.proteinaco.cz/user/shop/orig/70-7_stevia-whey-80-1kg-7-prichuti.jpg?5b8034ae;https://cdn.myshoptet.com/usr/www.proteinaco.cz/user/shop/orig/70-8_stevia-whey-80-1kg-7-prichuti.jpg?5b8034b1;https://cdn.myshoptet.com/usr/www.proteinaco.cz/user/shop/orig/70-9_stevia-whey-80-1kg-7-prichuti.jpg?5b8034bf;https://cdn.myshoptet.com/usr/www.proteinaco.cz/user/shop/orig/70-10_stevia-whey-80-1kg-7-prichuti.jpg?5b8034c2;https://cdn.myshoptet.com/usr/www.proteinaco.cz/user/shop/orig/70-11_stevia-whey-80-1kg-7-prichuti.jpg?5b8034c7;https://cdn.myshoptet.com/usr/www.proteinaco.cz/user/shop/orig/70-12_stevia-whey-80-1kg-7-prichuti.jpg?5b8034cd;Sportovní výživa > Proteiny;Sportovní výživa > Proteiny;;;;;;;;Vanilla dream;;;;0;;Skladem;;;;;
73/250;3;BCAA Instant (fermented) - 4 pøíchutì;Protein&Co.;product;745125345161;;https://cdn.myshoptet.com/usr/www.proteinaco.cz/user/shop/orig/73-7_1100x825-bcaa-ananas-01.jpg?5e0d0c4a;https://cdn.myshoptet.com/usr/www.proteinaco.cz/user/shop/orig/73-7_1100x825-bcaa-ananas-01.jpg?5e0d0c4a;https://cdn.myshoptet.com/usr/www.proteinaco.cz/user/shop/orig/73-8_1100x825-bcaa-jablko-01.jpg?5e0d0c4a;https://cdn.myshoptet.com/usr/www.proteinaco.cz/user/shop/orig/73-9_1100x825-bcaa-natural-01.jpg?5e0d0c4b;;;;;;;;;;;Sportovní výživa > Aminokyseliny;Sportovní výživa > Aminokyseliny;Vánoèní dárky;;;189,00;;;;exotic pineapple;250 g;;;-33;;Skladem;;;;;
73/500;3;BCAA Instant (fermented) - 4 pøíchutì;Protein&Co.;product;745125345154;;https://cdn.myshoptet.com/usr/www.proteinaco.cz/user/shop/orig/73-7_1100x825-bcaa-ananas-01.jpg?5e0d0c4a;https://cdn.myshoptet.com/usr/www.proteinaco.cz/user/shop/orig/73-7_1100x825-bcaa-ananas-01.jpg?5e0d0c4a;https://cdn.myshoptet.com/usr/www.proteinaco.cz/user/shop/orig/73-8_1100x825-bcaa-jablko-01.jpg?5e0d0c4a;https://cdn.myshoptet.com/usr/www.proteinaco.cz/user/shop/orig/73-9_1100x825-bcaa-natural-01.jpg?5e0d0c4b;;;;;;;;;;;Sportovní výživa > Aminokyseliny;Sportovní výživa > Aminokyseliny;Vánoèní dárky;;;347,00;;;;exotic pineapple;500 g;;;-11;;Skladem;;;;;
73/501;3;BCAA Instant (fermented) - 4 pøíchutì;Protein&Co.;product;745125345185;;https://cdn.myshoptet.com/usr/www.proteinaco.cz/user/shop/orig/73-8_1100x825-bcaa-jablko-01.jpg?5e0d0c4a;https://cdn.myshoptet.com/usr/www.proteinaco.cz/user/shop/orig/73-7_1100x825-bcaa-ananas-01.jpg?5e0d0c4a;https://cdn.myshoptet.com/usr/www.proteinaco.cz/user/shop/orig/73-8_1100x825-bcaa-jablko-01.jpg?5e0d0c4a;https://cdn.myshoptet.com/usr/www.proteinaco.cz/user/shop/orig/73-9_1100x825-bcaa-natural-01.jpg?5e0d0c4b;;;;;;;;;;;Sportovní výživa > Aminokyseliny;Sportovní výživa > Aminokyseliny;Vánoèní dárky;;;347,00;;;;sour apple;500 g;;;-26;;Skladem;;;;;
73/502;3;BCAA Instant (fermented) - 4 pøíchutì;Protein&Co.;product;;;;https://cdn.myshoptet.com/usr/www.proteinaco.cz/user/shop/orig/73-7_1100x825-bcaa-ananas-01.jpg?5e0d0c4a;https://cdn.myshoptet.com/usr/www.proteinaco.cz/user/shop/orig/73-8_1100x825-bcaa-jablko-01.jpg?5e0d0c4a;https://cdn.myshoptet.com/usr/www.proteinaco.cz/user/shop/orig/73-9_1100x825-bcaa-natural-01.jpg?5e0d0c4b;;;;;;;;;;;Sportovní výživa > Aminokyseliny;Sportovní výživa > Aminokyseliny;Vánoèní dárky;;;347,00;;;;melon sorbet;500g;;;0;;Skladem;;;;;
73/503;3;BCAA Instant (fermented) - 4 pøíchutì;Protein&Co.;product;745125345130;;https://cdn.myshoptet.com/usr/www.proteinaco.cz/user/shop/orig/73-9_1100x825-bcaa-natural-01.jpg?5e0d0c4b;https://cdn.myshoptet.com/usr/www.proteinaco.cz/user/shop/orig/73-7_1100x825-bcaa-ananas-01.jpg?5e0d0c4a;https://cdn.myshoptet.com/usr/www.proteinaco.cz/user/shop/orig/73-8_1100x825-bcaa-jablko-01.jpg?5e0d0c4a;https://cdn.myshoptet.com/usr/www.proteinaco.cz/user/shop/orig/73-9_1100x825-bcaa-natural-01.jpg?5e0d0c4b;;;;;;;;;;;Sportovní výživa > Aminokyseliny;Sportovní výživa > Aminokyseliny;Vánoèní dárky;;;331,00;;;;natural flavor;500 g;;;-7;;Skladem;;;;;
73/504;3;BCAA Instant (fermented) - 4 pøíchutì;Protein&Co.;product;745125345178;;https://cdn.myshoptet.com/usr/www.proteinaco.cz/user/shop/orig/73-8_1100x825-bcaa-jablko-01.jpg?5e0d0c4a;https://cdn.myshoptet.com/usr/www.proteinaco.cz/user/shop/orig/73-7_1100x825-bcaa-ananas-01.jpg?5e0d0c4a;https://cdn.myshoptet.com/usr/www.proteinaco.cz/user/shop/orig/73-8_1100x825-bcaa-jablko-01.jpg?5e0d0c4a;https://cdn.myshoptet.com/usr/www.proteinaco.cz/user/shop/orig/73-9_1100x825-bcaa-natural-01.jpg?5e0d0c4b;;;;;;;;;;;Sportovní výživa > Aminokyseliny;Sportovní výživa > Aminokyseliny;Vánoèní dárky;;;189,00;;;;sour apple;250 g;;;-10;;Skladem;;;;;
73/505;3;BCAA Instant (fermented) - 4 pøíchutì;Protein&Co.;product;;;;https://cdn.myshoptet.com/usr/www.proteinaco.cz/user/shop/orig/73-7_1100x825-bcaa-ananas-01.jpg?5e0d0c4a;https://cdn.myshoptet.com/usr/www.proteinaco.cz/user/shop/orig/73-8_1100x825-bcaa-jablko-01.jpg?5e0d0c4a;https://cdn.myshoptet.com/usr/www.proteinaco.cz/user/shop/orig/73-9_1100x825-bcaa-natural-01.jpg?5e0d0c4b;;;;;;;;;;;Sportovní výživa > Aminokyseliny;Sportovní výživa > Aminokyseliny;Vánoèní dárky;;;189,00;;;;melon sorbet;250g;;;0;;Skladem;;;;;
73/506;3;BCAA Instant (fermented) - 4 pøíchutì;Protein&Co.;product;745125345147;;https://cdn.myshoptet.com/usr/www.proteinaco.cz/user/shop/orig/73-9_1100x825-bcaa-natural-01.jpg?5e0d0c4b;https://cdn.myshoptet.com/usr/www.proteinaco.cz/user/shop/orig/73-7_1100x825-bcaa-ananas-01.jpg?5e0d0c4a;https://cdn.myshoptet.com/usr/www.proteinaco.cz/user/shop/orig/73-8_1100x825-bcaa-jablko-01.jpg?5e0d0c4a;https://cdn.myshoptet.com/usr/www.proteinaco.cz/user/shop/orig/73-9_1100x825-bcaa-natural-01.jpg?5e0d0c4b;;;;;;;;;;;Sportovní výživa > Aminokyseliny;Sportovní výživa > Aminokyseliny;Vánoèní dárky;;;158,00;;;;natural flavor;250 g;;;-6;;Skladem;;;;;
75/480;4;Proteinové kaše s chia – 3 pøíchutì;Protein&Co.;product;;;https://cdn.myshoptet.com/usr/www.proteinaco.cz/user/shop/orig/75-2_1100x825-kase-arasidy-brusinka-01.jpg?5e317ce1;https://cdn.myshoptet.com/usr/www.proteinaco.cz/user/shop/orig/75-2_1100x825-kase-arasidy-brusinka-01.jpg?5e317ce1;https://cdn.myshoptet.com/usr/www.proteinaco.cz/user/shop/orig/75_proteinove-kase-s-chia---3-prichute.jpg?5ebe8fac;https://cdn.myshoptet.com/usr/www.proteinaco.cz/user/shop/orig/75-1_proteinove-kase-s-chia---3-prichute.jpg?5ebe8fac;;;;;;;;;;;Zdravé potraviny;Sportovní výživa;Zdravé potraviny > Kaše, müsli a cereálie;;;;;;;Arašídy s brusinkami;480g;;;-176;;Skladem;;;;;
75/80G;4;Proteinové kaše s chia – 3 pøíchutì;Protein&Co.;product;;;https://cdn.myshoptet.com/usr/www.proteinaco.cz/user/shop/orig/75-2_1100x825-kase-arasidy-brusinka-01.jpg?5e317ce1;https://cdn.myshoptet.com/usr/www.proteinaco.cz/user/shop/orig/75-2_1100x825-kase-arasidy-brusinka-01.jpg?5e317ce1;https://cdn.myshoptet.com/usr/www.proteinaco.cz/user/shop/orig/75_proteinove-kase-s-chia---3-prichute.jpg?5ebe8fac;https://cdn.myshoptet.com/usr/www.proteinaco.cz/user/shop/orig/75-1_proteinove-kase-s-chia---3-prichute.jpg?5ebe8fac;;;;;;;;;;;Zdravé potraviny;Sportovní výživa;Zdravé potraviny > Kaše, müsli a cereálie;;;;;;;Arašídy s brusinkami;80g;;;-190;;Skladem;;;;;
75/COK;4;Proteinové kaše s chia – 3 pøíchutì;Protein&Co.;product;;;https://cdn.myshoptet.com/usr/www.proteinaco.cz/user/shop/orig/75_proteinove-kase-s-chia---3-prichute.jpg?5ebe8fac;https://cdn.myshoptet.com/usr/www.proteinaco.cz/user/shop/orig/75-2_1100x825-kase-arasidy-brusinka-01.jpg?5e317ce1;https://cdn.myshoptet.com/usr/www.proteinaco.cz/user/shop/orig/75_proteinove-kase-s-chia---3-prichute.jpg?5ebe8fac;https://cdn.myshoptet.com/usr/www.proteinaco.cz/user/shop/orig/75-1_proteinove-kase-s-chia---3-prichute.jpg?5ebe8fac;;;;;;;;;;;Zdravé potraviny;Sportovní výživa;Zdravé potraviny > Kaše, müsli a cereálie;;;;;;;èokoláda s vlašským oøechem;80g;;;-195;;Skladem;;;;;
75/COK3;4;Proteinové kaše s chia – 3 pøíchutì;Protein&Co.;product;;;https://cdn.myshoptet.com/usr/www.proteinaco.cz/user/shop/orig/75_proteinove-kase-s-chia---3-prichute.jpg?5ebe8fac;https://cdn.myshoptet.com/usr/www.proteinaco.cz/user/shop/orig/75-2_1100x825-kase-arasidy-brusinka-01.jpg?5e317ce1;https://cdn.myshoptet.com/usr/www.proteinaco.cz/user/shop/orig/75_proteinove-kase-s-chia---3-prichute.jpg?5ebe8fac;https://cdn.myshoptet.com/usr/www.proteinaco.cz/user/shop/orig/75-1_proteinove-kase-s-chia---3-prichute.jpg?5ebe8fac;;;;;;;;;;;Zdravé potraviny;Sportovní výživa;Zdravé potraviny > Kaše, müsli a cereálie;;;;;;;èokoláda s vlašským oøechem;480g;;;-178;;Skladem;;;;;
75/JAB;4;Proteinové kaše s chia – 3 pøíchutì;Protein&Co.;product;;;https://cdn.myshoptet.com/usr/www.proteinaco.cz/user/shop/orig/75-1_proteinove-kase-s-chia---3-prichute.jpg?5ebe8fac;https://cdn.myshoptet.com/usr/www.proteinaco.cz/user/shop/orig/75-2_1100x825-kase-arasidy-brusinka-01.jpg?5e317ce1;https://cdn.myshoptet.com/usr/www.proteinaco.cz/user/shop/orig/75_proteinove-kase-s-chia---3-prichute.jpg?5ebe8fac;https://cdn.myshoptet.com/usr/www.proteinaco.cz/user/shop/orig/75-1_proteinove-kase-s-chia---3-prichute.jpg?5ebe8fac;;;;;;;;;;;Zdravé potraviny;Sportovní výživa;Zdravé potraviny > Kaše, müsli a cereálie;;;;;;;jablko se skoøicí;80g;;;-189;;Skladem;;;;;
75/JAB3;4;Proteinové kaše s chia – 3 pøíchutì;Protein&Co.;product;;;https://cdn.myshoptet.com/usr/www.proteinaco.cz/user/shop/orig/75-1_proteinove-kase-s-chia---3-prichute.jpg?5ebe8fac;https://cdn.myshoptet.com/usr/www.proteinaco.cz/user/shop/orig/75-2_1100x825-kase-arasidy-brusinka-01.jpg?5e317ce1;https://cdn.myshoptet.com/usr/www.proteinaco.cz/user/shop/orig/75_proteinove-kase-s-chia---3-prichute.jpg?5ebe8fac;https://cdn.myshoptet.com/usr/www.proteinaco.cz/user/shop/orig/75-1_proteinove-kase-s-chia---3-prichute.jpg?5ebe8fac;;;;;;;;;;;Zdravé potraviny;Sportovní výživa;Zdravé potraviny > Kaše, müsli a cereálie;;;;;;;jablko se skoøicí;480g;;;-177;;Skladem;;;;;
81/CER;5;Shaker Protein&Co. 700 ml;;product;;;https://cdn.myshoptet.com/usr/www.proteinaco.cz/user/shop/orig/81-2_shaker-cerny.jpg?5e5e5742;https://cdn.myshoptet.com/usr/www.proteinaco.cz/user/shop/orig/81_dva-shakery.jpg?5e5e5718;https://cdn.myshoptet.com/usr/www.proteinaco.cz/user/shop/orig/81-1_shaker-cerveny.jpg?5e5e5718;https://cdn.myshoptet.com/usr/www.proteinaco.cz/user/shop/orig/81-2_shaker-cerny.jpg?5e5e5742;;;;;;;;;;;Doplòky;Doplòky;;;;;;;Èerná;;;;;29;;Skladem;;;;;
81/CER2;5;Shaker Protein&Co. 700 ml;;product;;;https://cdn.myshoptet.com/usr/www.proteinaco.cz/user/shop/orig/81-1_shaker-cerveny.jpg?5e5e5718;https://cdn.myshoptet.com/usr/www.proteinaco.cz/user/shop/orig/81_dva-shakery.jpg?5e5e5718;https://cdn.myshoptet.com/usr/www.proteinaco.cz/user/shop/orig/81-1_shaker-cerveny.jpg?5e5e5718;https://cdn.myshoptet.com/usr/www.proteinaco.cz/user/shop/orig/81-2_shaker-cerny.jpg?5e5e5742;;;;;;;;;;;Doplòky;Doplòky;;;;;;;Èervená;;;;;235;;Skladem;;;0;;
87;;Vánoèní set Protein chocolate brownies, Protein vanilla dream, 250g BCAA meloun, spalovaè a shaker;;product;;;;https://cdn.myshoptet.com/usr/www.proteinaco.cz/user/shop/orig/87_obrazek-facebook-vanocni-set.jpg?5c06b22d;https://cdn.myshoptet.com/usr/www.proteinaco.cz/user/shop/orig/87-1_obrazek-vanocni-akce.jpg?5c06cd1f;;;;;;;;;;;;Sportovní výživa;Sportovní výživa;;;;;;;;;;;;0;;Skladem;;;;;
99;;Tribulus Terrestris 40 tablet;Protein&Co.;product;745125345383;;;https://cdn.myshoptet.com/usr/www.proteinaco.cz/user/shop/orig/99-1_1100x825-tribulus-terrestris-01.jpg?5e0d0dda;;;;;;;;;;;;;Sportovní výživa > Anabolizéry, nakopávaèe, NO;Sportovní výživa > Anabolizéry, nakopávaèe, NO;;;;79,00;;;;;;;;-120;;Skladem;;;;;
105/BAN;6;CFM WHEY PROTEIN 80 1 kg + 1 kg;Protein&Co.;product;;;;https://cdn.myshoptet.com/usr/www.proteinaco.cz/user/shop/orig/105_1100x825-protein-double-01.jpg?5ea8023e;https://cdn.myshoptet.com/usr/www.proteinaco.cz/user/shop/orig/105-9_cokolada-a-pistacie-1000-protein-double-01.jpg?5e8f87a0;;;;;;;;;;;;Sportovní výživa > Proteiny;Sportovní výživa > Proteiny;Vánoèní dárky;;;599,00;;;;;;playful cherry;Banana split;-9;;Skladem;;;0;;
105/BAN10;6;CFM WHEY PROTEIN 80 1 kg + 1 kg;Protein&Co.;product;;;;https://cdn.myshoptet.com/usr/www.proteinaco.cz/user/shop/orig/105_1100x825-protein-double-01.jpg?5ea8023e;https://cdn.myshoptet.com/usr/www.proteinaco.cz/user/shop/orig/105-9_cokolada-a-pistacie-1000-protein-double-01.jpg?5e8f87a0;;;;;;;;;;;;Sportovní výživa > Proteiny;Sportovní výživa > Proteiny;Vánoèní dárky;;;599,00;;;;;;Banana split;hazelnut treat;-33;;Skladem;;;0;;
105/BAN2;6;CFM WHEY PROTEIN 80 1 kg + 1 kg;Protein&Co.;product;;;;https://cdn.myshoptet.com/usr/www.proteinaco.cz/user/shop/orig/105_1100x825-protein-double-01.jpg?5ea8023e;https://cdn.myshoptet.com/usr/www.proteinaco.cz/user/shop/orig/105-9_cokolada-a-pistacie-1000-protein-double-01.jpg?5e8f87a0;;;;;;;;;;;;Sportovní výživa > Proteiny;Sportovní výživa > Proteiny;Vánoèní dárky;;;;;;;;;Banana split;Chocolate brownie;-78;;Skladem;;;0;;
105/BAN3;6;CFM WHEY PROTEIN 80 1 kg + 1 kg;Protein&Co.;product;;;;https://cdn.myshoptet.com/usr/www.proteinaco.cz/user/shop/orig/105_1100x825-protein-double-01.jpg?5ea8023e;https://cdn.myshoptet.com/usr/www.proteinaco.cz/user/shop/orig/105-9_cokolada-a-pistacie-1000-protein-double-01.jpg?5e8f87a0;;;;;;;;;;;;Sportovní výživa > Proteiny;Sportovní výživa > Proteiny;Vánoèní dárky;;;;;;;;;Banana split;Vanilla dream;-64;;Skladem;;;0;;
105/BAN4;6;CFM WHEY PROTEIN 80 1 kg + 1 kg;Protein&Co.;product;;;;https://cdn.myshoptet.com/usr/www.proteinaco.cz/user/shop/orig/105_1100x825-protein-double-01.jpg?5ea8023e;https://cdn.myshoptet.com/usr/www.proteinaco.cz/user/shop/orig/105-9_cokolada-a-pistacie-1000-protein-double-01.jpg?5e8f87a0;;;;;;;;;;;;Sportovní výživa > Proteiny;Sportovní výživa > Proteiny;Vánoèní dárky;;;;;;;;;Banana split;Banana split;-32;;Skladem;;;0;;
105/BAN5;6;CFM WHEY PROTEIN 80 1 kg + 1 kg;Protein&Co.;product;;;;https://cdn.myshoptet.com/usr/www.proteinaco.cz/user/shop/orig/105_1100x825-protein-double-01.jpg?5ea8023e;https://cdn.myshoptet.com/usr/www.proteinaco.cz/user/shop/orig/105-9_cokolada-a-pistacie-1000-protein-double-01.jpg?5e8f87a0;;;;;;;;;;;;Sportovní výživa > Proteiny;Sportovní výživa > Proteiny;Vánoèní dárky;;;;;;;;;Banana split;Strawberry milkshake;-110;;Skladem;;;0;;
105/BAN6;6;CFM WHEY PROTEIN 80 1 kg + 1 kg;Protein&Co.;product;;;;https://cdn.myshoptet.com/usr/www.proteinaco.cz/user/shop/orig/105_1100x825-protein-double-01.jpg?5ea8023e;https://cdn.myshoptet.com/usr/www.proteinaco.cz/user/shop/orig/105-9_cokolada-a-pistacie-1000-protein-double-01.jpg?5e8f87a0;;;;;;;;;;;;Sportovní výživa > Proteiny;Sportovní výživa > Proteiny;Vánoèní dárky;;;;;;;;;Banana split;Chocobanana symphony;-22;;Skladem;;;0;;
105/BAN7;6;CFM WHEY PROTEIN 80 1 kg + 1 kg;Protein&Co.;product;;;;https://cdn.myshoptet.com/usr/www.proteinaco.cz/user/shop/orig/105_1100x825-protein-double-01.jpg?5ea8023e;https://cdn.myshoptet.com/usr/www.proteinaco.cz/user/shop/orig/105-9_cokolada-a-pistacie-1000-protein-double-01.jpg?5e8f87a0;;;;;;;;;;;;Sportovní výživa > Proteiny;Sportovní výživa > Proteiny;Vánoèní dárky;;;;;;;;;Banana split;Pistachio dessert;-109;;Skladem;;;0;;
105/BAN8;6;CFM WHEY PROTEIN 80 1 kg + 1 kg;Protein&Co.;product;;;;https://cdn.myshoptet.com/usr/www.proteinaco.cz/user/shop/orig/105_1100x825-protein-double-01.jpg?5ea8023e;https://cdn.myshoptet.com/usr/www.proteinaco.cz/user/shop/orig/105-9_cokolada-a-pistacie-1000-protein-double-01.jpg?5e8f87a0;;;;;;;;;;;;Sportovní výživa > Proteiny;Sportovní výživa > Proteiny;Vánoèní dárky;;;599,00;;;;;;Banana split;playful cherry;-38;;Skladem;;;0;;
105/BAN9;6;CFM WHEY PROTEIN 80 1 kg + 1 kg;Protein&Co.;product;;;;https://cdn.myshoptet.com/usr/www.proteinaco.cz/user/shop/orig/105_1100x825-protein-double-01.jpg?5ea8023e;https://cdn.myshoptet.com/usr/www.proteinaco.cz/user/shop/orig/105-9_cokolada-a-pistacie-1000-protein-double-01.jpg?5e8f87a0;;;;;;;;;;;;Sportovní výživa > Proteiny;Sportovní výživa > Proteiny;Vánoèní dárky;;;599,00;;;;;;hazelnut treat;Banana split;-14;;Skladem;;;0;;
105/HAZ;6;CFM WHEY PROTEIN 80 1 kg + 1 kg;Protein&Co.;product;;;;https://cdn.myshoptet.com/usr/www.proteinaco.cz/user/shop/orig/105_1100x825-protein-double-01.jpg?5ea8023e;https://cdn.myshoptet.com/usr/www.proteinaco.cz/user/shop/orig/105-9_cokolada-a-pistacie-1000-protein-double-01.jpg?5e8f87a0;;;;;;;;;;;;Sportovní výživa > Proteiny;Sportovní výživa > Proteiny;Vánoèní dárky;;;599,00;;;;;;hazelnut treat;hazelnut treat;-8;;Skladem;;;0;;
105/CHO;6;CFM WHEY PROTEIN 80 1 kg + 1 kg;Protein&Co.;product;;;;https://cdn.myshoptet.com/usr/www.proteinaco.cz/user/shop/orig/105_1100x825-protein-double-01.jpg?5ea8023e;https://cdn.myshoptet.com/usr/www.proteinaco.cz/user/shop/orig/105-9_cokolada-a-pistacie-1000-protein-double-01.jpg?5e8f87a0;;;;;;;;;;;;Sportovní výživa > Proteiny;Sportovní výživa > Proteiny;Vánoèní dárky;;;599,00;;;;;;playful cherry;Chocolate brownie;-25;;Skladem;;;0;;
105/CHO10;6;CFM WHEY PROTEIN 80 1 kg + 1 kg;Protein&Co.;product;;;;https://cdn.myshoptet.com/usr/www.proteinaco.cz/user/shop/orig/105_1100x825-protein-double-01.jpg?5ea8023e;https://cdn.myshoptet.com/usr/www.proteinaco.cz/user/shop/orig/105-9_cokolada-a-pistacie-1000-protein-double-01.jpg?5e8f87a0;;;;;;;;;;;;Sportovní výživa > Proteiny;Sportovní výživa > Proteiny;Vánoèní dárky;;;;;;;;;Chocobanana symphony;Strawberry milkshake;-119;;Skladem;;;0;;
105/CHO11;6;CFM WHEY PROTEIN 80 1 kg + 1 kg;Protein&Co.;product;;;;https://cdn.myshoptet.com/usr/www.proteinaco.cz/user/shop/orig/105_1100x825-protein-double-01.jpg?5ea8023e;https://cdn.myshoptet.com/usr/www.proteinaco.cz/user/shop/orig/105-9_cokolada-a-pistacie-1000-protein-double-01.jpg?5e8f87a0;;;;;;;;;;;;Sportovní výživa > Proteiny;Sportovní výživa > Proteiny;Vánoèní dárky;;;;;;;;;Chocolate brownie;Chocobanana symphony;-122;;Skladem;;;0;;
105/CHO12;6;CFM WHEY PROTEIN 80 1 kg + 1 kg;Protein&Co.;product;;;;https://cdn.myshoptet.com/usr/www.proteinaco.cz/user/shop/orig/105_1100x825-protein-double-01.jpg?5ea8023e;https://cdn.myshoptet.com/usr/www.proteinaco.cz/user/shop/orig/105-9_cokolada-a-pistacie-1000-protein-double-01.jpg?5e8f87a0;;;;;;;;;;;;Sportovní výživa > Proteiny;Sportovní výživa > Proteiny;Vánoèní dárky;;;;;;;;;Chocobanana symphony;Chocobanana symphony;-28;;Skladem;;;0;;
105/CHO13;6;CFM WHEY PROTEIN 80 1 kg + 1 kg;Protein&Co.;product;;;;https://cdn.myshoptet.com/usr/www.proteinaco.cz/user/shop/orig/105_1100x825-protein-double-01.jpg?5ea8023e;https://cdn.myshoptet.com/usr/www.proteinaco.cz/user/shop/orig/105-9_cokolada-a-pistacie-1000-protein-double-01.jpg?5e8f87a0;;;;;;;;;;;;Sportovní výživa > Proteiny;Sportovní výživa > Proteiny;Vánoèní dárky;;;;;;;;;Chocolate brownie;Pistachio dessert;-306;;Skladem;;;0;;
105/CHO14;6;CFM WHEY PROTEIN 80 1 kg + 1 kg;Protein&Co.;product;;;;https://cdn.myshoptet.com/usr/www.proteinaco.cz/user/shop/orig/105_1100x825-protein-double-01.jpg?5ea8023e;https://cdn.myshoptet.com/usr/www.proteinaco.cz/user/shop/orig/105-9_cokolada-a-pistacie-1000-protein-double-01.jpg?5e8f87a0;;;;;;;;;;;;Sportovní výživa > Proteiny;Sportovní výživa > Proteiny;Vánoèní dárky;;;;;;;;;Chocobanana symphony;Pistachio dessert;-146;;Skladem;;;0;;
105/CHO15;6;CFM WHEY PROTEIN 80 1 kg + 1 kg;Protein&Co.;product;;;;https://cdn.myshoptet.com/usr/www.proteinaco.cz/user/shop/orig/105_1100x825-protein-double-01.jpg?5ea8023e;https://cdn.myshoptet.com/usr/www.proteinaco.cz/user/shop/orig/105-9_cokolada-a-pistacie-1000-protein-double-01.jpg?5e8f87a0;;;;;;;;;;;;Sportovní výživa > Proteiny;Sportovní výživa > Proteiny;Vánoèní dárky;;;599,00;;;;;;Chocolate brownie;playful cherry;-57;;Skladem;;;0;;
105/CHO16;6;CFM WHEY PROTEIN 80 1 kg + 1 kg;Protein&Co.;product;;;;https://cdn.myshoptet.com/usr/www.proteinaco.cz/user/shop/orig/105_1100x825-protein-double-01.jpg?5ea8023e;https://cdn.myshoptet.com/usr/www.proteinaco.cz/user/shop/orig/105-9_cokolada-a-pistacie-1000-protein-double-01.jpg?5e8f87a0;;;;;;;;;;;;Sportovní výživa > Proteiny;Sportovní výživa > Proteiny;Vánoèní dárky;;;599,00;;;;;;Chocobanana symphony;playful cherry;-42;;Skladem;;;0;;
105/CHO17;6;CFM WHEY PROTEIN 80 1 kg + 1 kg;Protein&Co.;product;;;;https://cdn.myshoptet.com/usr/www.proteinaco.cz/user/shop/orig/105_1100x825-protein-double-01.jpg?5ea8023e;https://cdn.myshoptet.com/usr/www.proteinaco.cz/user/shop/orig/105-9_cokolada-a-pistacie-1000-protein-double-01.jpg?5e8f87a0;;;;;;;;;;;;Sportovní výživa > Proteiny;Sportovní výživa > Proteiny;Vánoèní dárky;;;599,00;;;;;;hazelnut treat;Chocolate brownie;-25;;Skladem;;;0;;
105/CHO18;6;CFM WHEY PROTEIN 80 1 kg + 1 kg;Protein&Co.;product;;;;https://cdn.myshoptet.com/usr/www.proteinaco.cz/user/shop/orig/105_1100x825-protein-double-01.jpg?5ea8023e;https://cdn.myshoptet.com/usr/www.proteinaco.cz/user/shop/orig/105-9_cokolada-a-pistacie-1000-protein-double-01.jpg?5e8f87a0;;;;;;;;;;;;Sportovní výživa > Proteiny;Sportovní výživa > Proteiny;Vánoèní dárky;;;599,00;;;;;;hazelnut treat;Chocobanana symphony;-23;;Skladem;;;0;;
105/CHO19;6;CFM WHEY PROTEIN 80 1 kg + 1 kg;Protein&Co.;product;;;;https://cdn.myshoptet.com/usr/www.proteinaco.cz/user/shop/orig/105_1100x825-protein-double-01.jpg?5ea8023e;https://cdn.myshoptet.com/usr/www.proteinaco.cz/user/shop/orig/105-9_cokolada-a-pistacie-1000-protein-double-01.jpg?5e8f87a0;;;;;;;;;;;;Sportovní výživa > Proteiny;Sportovní výživa > Proteiny;Vánoèní dárky;;;599,00;;;;;;Chocolate brownie;hazelnut treat;-117;;Skladem;;;0;;
105/CHO2;6;CFM WHEY PROTEIN 80 1 kg + 1 kg;Protein&Co.;product;;;;https://cdn.myshoptet.com/usr/www.proteinaco.cz/user/shop/orig/105_1100x825-protein-double-01.jpg?5ea8023e;https://cdn.myshoptet.com/usr/www.proteinaco.cz/user/shop/orig/105-9_cokolada-a-pistacie-1000-protein-double-01.jpg?5e8f87a0;;;;;;;;;;;;Sportovní výživa > Proteiny;Sportovní výživa > Proteiny;Vánoèní dárky;;;599,00;;;;;;playful cherry;Chocobanana symphony;-27;;Skladem;;;0;;
105/CHO20;6;CFM WHEY PROTEIN 80 1 kg + 1 kg;Protein&Co.;product;;;;https://cdn.myshoptet.com/usr/www.proteinaco.cz/user/shop/orig/105_1100x825-protein-double-01.jpg?5ea8023e;https://cdn.myshoptet.com/usr/www.proteinaco.cz/user/shop/orig/105-9_cokolada-a-pistacie-1000-protein-double-01.jpg?5e8f87a0;;;;;;;;;;;;Sportovní výživa > Proteiny;Sportovní výživa > Proteiny;Vánoèní dárky;;;599,00;;;;;;Chocobanana symphony;hazelnut treat;-55;;Skladem;;;0;;
105/CHO3;6;CFM WHEY PROTEIN 80 1 kg + 1 kg;Protein&Co.;product;;;;https://cdn.myshoptet.com/usr/www.proteinaco.cz/user/shop/orig/105_1100x825-protein-double-01.jpg?5ea8023e;https://cdn.myshoptet.com/usr/www.proteinaco.cz/user/shop/orig/105-9_cokolada-a-pistacie-1000-protein-double-01.jpg?5e8f87a0;;;;;;;;;;;;Sportovní výživa > Proteiny;Sportovní výživa > Proteiny;Vánoèní dárky;;;;;;;;;Chocolate brownie;Chocolate brownie;-135;;Skladem;;;0;;
105/CHO4;6;CFM WHEY PROTEIN 80 1 kg + 1 kg;Protein&Co.;product;;;;https://cdn.myshoptet.com/usr/www.proteinaco.cz/user/shop/orig/105_1100x825-protein-double-01.jpg?5ea8023e;https://cdn.myshoptet.com/usr/www.proteinaco.cz/user/shop/orig/105-9_cokolada-a-pistacie-1000-protein-double-01.jpg?5e8f87a0;;;;;;;;;;;;Sportovní výživa > Proteiny;Sportovní výživa > Proteiny;Vánoèní dárky;;;;;;;;;Chocobanana symphony;Chocolate brownie;-64;;Skladem;;;0;;
105/CHO5;6;CFM WHEY PROTEIN 80 1 kg + 1 kg;Protein&Co.;product;;;;https://cdn.myshoptet.com/usr/www.proteinaco.cz/user/shop/orig/105_1100x825-protein-double-01.jpg?5ea8023e;https://cdn.myshoptet.com/usr/www.proteinaco.cz/user/shop/orig/105-9_cokolada-a-pistacie-1000-protein-double-01.jpg?5e8f87a0;;;;;;;;;;;;Sportovní výživa > Proteiny;Sportovní výživa > Proteiny;Vánoèní dárky;;;;;;;;;Chocolate brownie;Vanilla dream;-156;;Skladem;;;0;;
105/CHO6;6;CFM WHEY PROTEIN 80 1 kg + 1 kg;Protein&Co.;product;;;;https://cdn.myshoptet.com/usr/www.proteinaco.cz/user/shop/orig/105_1100x825-protein-double-01.jpg?5ea8023e;https://cdn.myshoptet.com/usr/www.proteinaco.cz/user/shop/orig/105-9_cokolada-a-pistacie-1000-protein-double-01.jpg?5e8f87a0;;;;;;;;;;;;Sportovní výživa > Proteiny;Sportovní výživa > Proteiny;Vánoèní dárky;;;;;;;;;Chocobanana symphony;Vanilla dream;-88;;Skladem;;;0;;
105/CHO7;6;CFM WHEY PROTEIN 80 1 kg + 1 kg;Protein&Co.;product;;;;https://cdn.myshoptet.com/usr/www.proteinaco.cz/user/shop/orig/105_1100x825-protein-double-01.jpg?5ea8023e;https://cdn.myshoptet.com/usr/www.proteinaco.cz/user/shop/orig/105-9_cokolada-a-pistacie-1000-protein-double-01.jpg?5e8f87a0;;;;;;;;;;;;Sportovní výživa > Proteiny;Sportovní výživa > Proteiny;Vánoèní dárky;;;;;;;;;Chocolate brownie;Banana split;-123;;Skladem;;;0;;
105/CHO8;6;CFM WHEY PROTEIN 80 1 kg + 1 kg;Protein&Co.;product;;;;https://cdn.myshoptet.com/usr/www.proteinaco.cz/user/shop/orig/105_1100x825-protein-double-01.jpg?5ea8023e;https://cdn.myshoptet.com/usr/www.proteinaco.cz/user/shop/orig/105-9_cokolada-a-pistacie-1000-protein-double-01.jpg?5e8f87a0;;;;;;;;;;;;Sportovní výživa > Proteiny;Sportovní výživa > Proteiny;Vánoèní dárky;;;;;;;;;Chocobanana symphony;Banana split;-15;;Skladem;;;0;;
105/CHO9;6;CFM WHEY PROTEIN 80 1 kg + 1 kg;Protein&Co.;product;;;;https://cdn.myshoptet.com/usr/www.proteinaco.cz/user/shop/orig/105_1100x825-protein-double-01.jpg?5ea8023e;https://cdn.myshoptet.com/usr/www.proteinaco.cz/user/shop/orig/105-9_cokolada-a-pistacie-1000-protein-double-01.jpg?5e8f87a0;;;;;;;;;;;;Sportovní výživa > Proteiny;Sportovní výživa > Proteiny;Vánoèní dárky;;;;;;;;;Chocolate brownie;Strawberry milkshake;-201;;Skladem;;;0;;
105/PIS;6;CFM WHEY PROTEIN 80 1 kg + 1 kg;Protein&Co.;product;;;;https://cdn.myshoptet.com/usr/www.proteinaco.cz/user/shop/orig/105_1100x825-protein-double-01.jpg?5ea8023e;https://cdn.myshoptet.com/usr/www.proteinaco.cz/user/shop/orig/105-9_cokolada-a-pistacie-1000-protein-double-01.jpg?5e8f87a0;;;;;;;;;;;;Sportovní výživa > Proteiny;Sportovní výživa > Proteiny;Vánoèní dárky;;;599,00;;;;;;playful cherry;Pistachio dessert;-35;;Skladem;;;0;;
105/PIS10;6;CFM WHEY PROTEIN 80 1 kg + 1 kg;Protein&Co.;product;;;;https://cdn.myshoptet.com/usr/www.proteinaco.cz/user/shop/orig/105_1100x825-protein-double-01.jpg?5ea8023e;https://cdn.myshoptet.com/usr/www.proteinaco.cz/user/shop/orig/105-9_cokolada-a-pistacie-1000-protein-double-01.jpg?5e8f87a0;;;;;;;;;;;;Sportovní výživa > Proteiny;Sportovní výživa > Proteiny;Vánoèní dárky;;;599,00;;;;;;Pistachio dessert;hazelnut treat;-73;;Skladem;;;0;;
105/PIS2;6;CFM WHEY PROTEIN 80 1 kg + 1 kg;Protein&Co.;product;;;;https://cdn.myshoptet.com/usr/www.proteinaco.cz/user/shop/orig/105_1100x825-protein-double-01.jpg?5ea8023e;https://cdn.myshoptet.com/usr/www.proteinaco.cz/user/shop/orig/105-9_cokolada-a-pistacie-1000-protein-double-01.jpg?5e8f87a0;;;;;;;;;;;;Sportovní výživa > Proteiny;Sportovní výživa > Proteiny;Vánoèní dárky;;;;;;;;;Pistachio dessert;Chocolate brownie;-144;;Skladem;;;0;;
105/PIS3;6;CFM WHEY PROTEIN 80 1 kg + 1 kg;Protein&Co.;product;;;;https://cdn.myshoptet.com/usr/www.proteinaco.cz/user/shop/orig/105_1100x825-protein-double-01.jpg?5ea8023e;https://cdn.myshoptet.com/usr/www.proteinaco.cz/user/shop/orig/105-9_cokolada-a-pistacie-1000-protein-double-01.jpg?5e8f87a0;;;;;;;;;;;;Sportovní výživa > Proteiny;Sportovní výživa > Proteiny;Vánoèní dárky;;;;;;;;;Pistachio dessert;Vanilla dream;-105;;Skladem;;;0;;
105/PIS4;6;CFM WHEY PROTEIN 80 1 kg + 1 kg;Protein&Co.;product;;;;https://cdn.myshoptet.com/usr/www.proteinaco.cz/user/shop/orig/105_1100x825-protein-double-01.jpg?5ea8023e;https://cdn.myshoptet.com/usr/www.proteinaco.cz/user/shop/orig/105-9_cokolada-a-pistacie-1000-protein-double-01.jpg?5e8f87a0;;;;;;;;;;;;Sportovní výživa > Proteiny;Sportovní výživa > Proteiny;Vánoèní dárky;;;;;;;;;Pistachio dessert;Banana split;-80;;Skladem;;;0;;
105/PIS5;6;CFM WHEY PROTEIN 80 1 kg + 1 kg;Protein&Co.;product;;;;https://cdn.myshoptet.com/usr/www.proteinaco.cz/user/shop/orig/105_1100x825-protein-double-01.jpg?5ea8023e;https://cdn.myshoptet.com/usr/www.proteinaco.cz/user/shop/orig/105-9_cokolada-a-pistacie-1000-protein-double-01.jpg?5e8f87a0;;;;;;;;;;;;Sportovní výživa > Proteiny;Sportovní výživa > Proteiny;Vánoèní dárky;;;;;;;;;Pistachio dessert;Strawberry milkshake;-189;;Skladem;;;0;;
105/PIS6;6;CFM WHEY PROTEIN 80 1 kg + 1 kg;Protein&Co.;product;;;;https://cdn.myshoptet.com/usr/www.proteinaco.cz/user/shop/orig/105_1100x825-protein-double-01.jpg?5ea8023e;https://cdn.myshoptet.com/usr/www.proteinaco.cz/user/shop/orig/105-9_cokolada-a-pistacie-1000-protein-double-01.jpg?5e8f87a0;;;;;;;;;;;;Sportovní výživa > Proteiny;Sportovní výživa > Proteiny;Vánoèní dárky;;;;;;;;;Pistachio dessert;Chocobanana symphony;-137;;Skladem;;;0;;
105/PIS7;6;CFM WHEY PROTEIN 80 1 kg + 1 kg;Protein&Co.;product;;;;https://cdn.myshoptet.com/usr/www.proteinaco.cz/user/shop/orig/105_1100x825-protein-double-01.jpg?5ea8023e;https://cdn.myshoptet.com/usr/www.proteinaco.cz/user/shop/orig/105-9_cokolada-a-pistacie-1000-protein-double-01.jpg?5e8f87a0;;;;;;;;;;;;Sportovní výživa > Proteiny;Sportovní výživa > Proteiny;Vánoèní dárky;;;;;;;;;Pistachio dessert;Pistachio dessert;-29;;Skladem;;;0;;
105/PIS8;6;CFM WHEY PROTEIN 80 1 kg + 1 kg;Protein&Co.;product;;;;https://cdn.myshoptet.com/usr/www.proteinaco.cz/user/shop/orig/105_1100x825-protein-double-01.jpg?5ea8023e;https://cdn.myshoptet.com/usr/www.proteinaco.cz/user/shop/orig/105-9_cokolada-a-pistacie-1000-protein-double-01.jpg?5e8f87a0;;;;;;;;;;;;Sportovní výživa > Proteiny;Sportovní výživa > Proteiny;Vánoèní dárky;;;599,00;;;;;;Pistachio dessert;playful cherry;-81;;Skladem;;;0;;
105/PIS9;6;CFM WHEY PROTEIN 80 1 kg + 1 kg;Protein&Co.;product;;;;https://cdn.myshoptet.com/usr/www.proteinaco.cz/user/shop/orig/105_1100x825-protein-double-01.jpg?5ea8023e;https://cdn.myshoptet.com/usr/www.proteinaco.cz/user/shop/orig/105-9_cokolada-a-pistacie-1000-protein-double-01.jpg?5e8f87a0;;;;;;;;;;;;Sportovní výživa > Proteiny;Sportovní výživa > Proteiny;Vánoèní dárky;;;599,00;;;;;;hazelnut treat;Pistachio dessert;-34;;Skladem;;;0;;
105/PLA;6;CFM WHEY PROTEIN 80 1 kg + 1 kg;Protein&Co.;product;;;;https://cdn.myshoptet.com/usr/www.proteinaco.cz/user/shop/orig/105_1100x825-protein-double-01.jpg?5ea8023e;https://cdn.myshoptet.com/usr/www.proteinaco.cz/user/shop/orig/105-9_cokolada-a-pistacie-1000-protein-double-01.jpg?5e8f87a0;;;;;;;;;;;;Sportovní výživa > Proteiny;Sportovní výživa > Proteiny;Vánoèní dárky;;;;;;;;;playful cherry;playful cherry;-7;;Skladem;;;0;;
105/PLA2;6;CFM WHEY PROTEIN 80 1 kg + 1 kg;Protein&Co.;product;;;;https://cdn.myshoptet.com/usr/www.proteinaco.cz/user/shop/orig/105_1100x825-protein-double-01.jpg?5ea8023e;https://cdn.myshoptet.com/usr/www.proteinaco.cz/user/shop/orig/105-9_cokolada-a-pistacie-1000-protein-double-01.jpg?5e8f87a0;;;;;;;;;;;;Sportovní výživa > Proteiny;Sportovní výživa > Proteiny;Vánoèní dárky;;;599,00;;;;;;hazelnut treat;playful cherry;-13;;Skladem;;;0;;
105/PLA3;6;CFM WHEY PROTEIN 80 1 kg + 1 kg;Protein&Co.;product;;;;https://cdn.myshoptet.com/usr/www.proteinaco.cz/user/shop/orig/105_1100x825-protein-double-01.jpg?5ea8023e;https://cdn.myshoptet.com/usr/www.proteinaco.cz/user/shop/orig/105-9_cokolada-a-pistacie-1000-protein-double-01.jpg?5e8f87a0;;;;;;;;;;;;Sportovní výživa > Proteiny;Sportovní výživa > Proteiny;Vánoèní dárky;;;599,00;;;;;;playful cherry;hazelnut treat;-26;;Skladem;;;0;;
105/STR;6;CFM WHEY PROTEIN 80 1 kg + 1 kg;Protein&Co.;product;;;;https://cdn.myshoptet.com/usr/www.proteinaco.cz/user/shop/orig/105_1100x825-protein-double-01.jpg?5ea8023e;https://cdn.myshoptet.com/usr/www.proteinaco.cz/user/shop/orig/105-9_cokolada-a-pistacie-1000-protein-double-01.jpg?5e8f87a0;;;;;;;;;;;;Sportovní výživa > Proteiny;Sportovní výživa > Proteiny;Vánoèní dárky;;;599,00;;;;;;playful cherry;Strawberry milkshake;-26;;Skladem;;;0;;
105/STR10;6;CFM WHEY PROTEIN 80 1 kg + 1 kg;Protein&Co.;product;;;;https://cdn.myshoptet.com/usr/www.proteinaco.cz/user/shop/orig/105_1100x825-protein-double-01.jpg?5ea8023e;https://cdn.myshoptet.com/usr/www.proteinaco.cz/user/shop/orig/105-9_cokolada-a-pistacie-1000-protein-double-01.jpg?5e8f87a0;;;;;;;;;;;;Sportovní výživa > Proteiny;Sportovní výživa > Proteiny;Vánoèní dárky;;;599,00;;;;;;Strawberry milkshake;hazelnut treat;-40;;Skladem;;;0;;
105/STR2;6;CFM WHEY PROTEIN 80 1 kg + 1 kg;Protein&Co.;product;;;;https://cdn.myshoptet.com/usr/www.proteinaco.cz/user/shop/orig/105_1100x825-protein-double-01.jpg?5ea8023e;https://cdn.myshoptet.com/usr/www.proteinaco.cz/user/shop/orig/105-9_cokolada-a-pistacie-1000-protein-double-01.jpg?5e8f87a0;;;;;;;;;;;;Sportovní výživa > Proteiny;Sportovní výživa > Proteiny;Vánoèní dárky;;;;;;;;;Strawberry milkshake;Chocolate brownie;-85;;Skladem;;;0;;
105/STR3;6;CFM WHEY PROTEIN 80 1 kg + 1 kg;Protein&Co.;product;;;;https://cdn.myshoptet.com/usr/www.proteinaco.cz/user/shop/orig/105_1100x825-protein-double-01.jpg?5ea8023e;https://cdn.myshoptet.com/usr/www.proteinaco.cz/user/shop/orig/105-9_cokolada-a-pistacie-1000-protein-double-01.jpg?5e8f87a0;;;;;;;;;;;;Sportovní výživa > Proteiny;Sportovní výživa > Proteiny;Vánoèní dárky;;;;;;;;;Strawberry milkshake;Vanilla dream;-78;;Skladem;;;0;;
105/STR4;6;CFM WHEY PROTEIN 80 1 kg + 1 kg;Protein&Co.;product;;;;https://cdn.myshoptet.com/usr/www.proteinaco.cz/user/shop/orig/105_1100x825-protein-double-01.jpg?5ea8023e;https://cdn.myshoptet.com/usr/www.proteinaco.cz/user/shop/orig/105-9_cokolada-a-pistacie-1000-protein-double-01.jpg?5e8f87a0;;;;;;;;;;;;Sportovní výživa > Proteiny;Sportovní výživa > Proteiny;Vánoèní dárky;;;;;;;;;Strawberry milkshake;Banana split;-43;;Skladem;;;0;;
105/STR5;6;CFM WHEY PROTEIN 80 1 kg + 1 kg;Protein&Co.;product;;;;https://cdn.myshoptet.com/usr/www.proteinaco.cz/user/shop/orig/105_1100x825-protein-double-01.jpg?5ea8023e;https://cdn.myshoptet.com/usr/www.proteinaco.cz/user/shop/orig/105-9_cokolada-a-pistacie-1000-protein-double-01.jpg?5e8f87a0;;;;;;;;;;;;Sportovní výživa > Proteiny;Sportovní výživa > Proteiny;Vánoèní dárky;;;;;;;;;Strawberry milkshake;Strawberry milkshake;-33;;Skladem;;;0;;
105/STR6;6;CFM WHEY PROTEIN 80 1 kg + 1 kg;Protein&Co.;product;;;;https://cdn.myshoptet.com/usr/www.proteinaco.cz/user/shop/orig/105_1100x825-protein-double-01.jpg?5ea8023e;https://cdn.myshoptet.com/usr/www.proteinaco.cz/user/shop/orig/105-9_cokolada-a-pistacie-1000-protein-double-01.jpg?5e8f87a0;;;;;;;;;;;;Sportovní výživa > Proteiny;Sportovní výživa > Proteiny;Vánoèní dárky;;;;;;;;;Strawberry milkshake;Chocobanana symphony;-72;;Skladem;;;0;;
105/STR7;6;CFM WHEY PROTEIN 80 1 kg + 1 kg;Protein&Co.;product;;;;https://cdn.myshoptet.com/usr/www.proteinaco.cz/user/shop/orig/105_1100x825-protein-double-01.jpg?5ea8023e;https://cdn.myshoptet.com/usr/www.proteinaco.cz/user/shop/orig/105-9_cokolada-a-pistacie-1000-protein-double-01.jpg?5e8f87a0;;;;;;;;;;;;Sportovní výživa > Proteiny;Sportovní výživa > Proteiny;Vánoèní dárky;;;;;;;;;Strawberry milkshake;Pistachio dessert;-113;;Skladem;;;0;;
105/STR8;6;CFM WHEY PROTEIN 80 1 kg + 1 kg;Protein&Co.;product;;;;https://cdn.myshoptet.com/usr/www.proteinaco.cz/user/shop/orig/105_1100x825-protein-double-01.jpg?5ea8023e;https://cdn.myshoptet.com/usr/www.proteinaco.cz/user/shop/orig/105-9_cokolada-a-pistacie-1000-protein-double-01.jpg?5e8f87a0;;;;;;;;;;;;Sportovní výživa > Proteiny;Sportovní výživa > Proteiny;Vánoèní dárky;;;599,00;;;;;;Strawberry milkshake;playful cherry;-47;;Skladem;;;0;;
105/STR9;6;CFM WHEY PROTEIN 80 1 kg + 1 kg;Protein&Co.;product;;;;https://cdn.myshoptet.com/usr/www.proteinaco.cz/user/shop/orig/105_1100x825-protein-double-01.jpg?5ea8023e;https://cdn.myshoptet.com/usr/www.proteinaco.cz/user/shop/orig/105-9_cokolada-a-pistacie-1000-protein-double-01.jpg?5e8f87a0;;;;;;;;;;;;Sportovní výživa > Proteiny;Sportovní výživa > Proteiny;Vánoèní dárky;;;599,00;;;;;;hazelnut treat;Strawberry milkshake;-31;;Skladem;;;0;;
105/VAN;6;CFM WHEY PROTEIN 80 1 kg + 1 kg;Protein&Co.;product;;;;https://cdn.myshoptet.com/usr/www.proteinaco.cz/user/shop/orig/105_1100x825-protein-double-01.jpg?5ea8023e;https://cdn.myshoptet.com/usr/www.proteinaco.cz/user/shop/orig/105-9_cokolada-a-pistacie-1000-protein-double-01.jpg?5e8f87a0;;;;;;;;;;;;Sportovní výživa > Proteiny;Sportovní výživa > Proteiny;Vánoèní dárky;;;599,00;;;;;;playful cherry;Vanilla dream;-12;;Skladem;;;0;;
105/VAN10;6;CFM WHEY PROTEIN 80 1 kg + 1 kg;Protein&Co.;product;;;;https://cdn.myshoptet.com/usr/www.proteinaco.cz/user/shop/orig/105_1100x825-protein-double-01.jpg?5ea8023e;https://cdn.myshoptet.com/usr/www.proteinaco.cz/user/shop/orig/105-9_cokolada-a-pistacie-1000-protein-double-01.jpg?5e8f87a0;;;;;;;;;;;;Sportovní výživa > Proteiny;Sportovní výživa > Proteiny;Vánoèní dárky;;;599,00;;;;;;Vanilla dream;hazelnut treat;-79;;Skladem;;;0;;
105/VAN2;6;CFM WHEY PROTEIN 80 1 kg + 1 kg;Protein&Co.;product;;;https://cdn.myshoptet.com/usr/www.proteinaco.cz/user/shop/orig/105_1100x825-protein-double-01.jpg?5ea8023e;https://cdn.myshoptet.com/usr/www.proteinaco.cz/user/shop/orig/105_1100x825-protein-double-01.jpg?5ea8023e;https://cdn.myshoptet.com/usr/www.proteinaco.cz/user/shop/orig/105-9_cokolada-a-pistacie-1000-protein-double-01.jpg?5e8f87a0;;;;;;;;;;;;Sportovní výživa > Proteiny;Sportovní výživa > Proteiny;Vánoèní dárky;;;;;;;;;Vanilla dream;Chocolate brownie;-198;;Skladem;;;;;
105/VAN3;6;CFM WHEY PROTEIN 80 1 kg + 1 kg;Protein&Co.;product;;;;https://cdn.myshoptet.com/usr/www.proteinaco.cz/user/shop/orig/105_1100x825-protein-double-01.jpg?5ea8023e;https://cdn.myshoptet.com/usr/www.proteinaco.cz/user/shop/orig/105-9_cokolada-a-pistacie-1000-protein-double-01.jpg?5e8f87a0;;;;;;;;;;;;Sportovní výživa > Proteiny;Sportovní výživa > Proteiny;Vánoèní dárky;;;;;;;;;Vanilla dream;Vanilla dream;-56;;Skladem;;;0;;
105/VAN4;6;CFM WHEY PROTEIN 80 1 kg + 1 kg;Protein&Co.;product;;;;https://cdn.myshoptet.com/usr/www.proteinaco.cz/user/shop/orig/105_1100x825-protein-double-01.jpg?5ea8023e;https://cdn.myshoptet.com/usr/www.proteinaco.cz/user/shop/orig/105-9_cokolada-a-pistacie-1000-protein-double-01.jpg?5e8f87a0;;;;;;;;;;;;Sportovní výživa > Proteiny;Sportovní výživa > Proteiny;Vánoèní dárky;;;;;;;;;Vanilla dream;Banana split;-74;;Skladem;;;0;;
105/VAN5;6;CFM WHEY PROTEIN 80 1 kg + 1 kg;Protein&Co.;product;;;;https://cdn.myshoptet.com/usr/www.proteinaco.cz/user/shop/orig/105_1100x825-protein-double-01.jpg?5ea8023e;https://cdn.myshoptet.com/usr/www.proteinaco.cz/user/shop/orig/105-9_cokolada-a-pistacie-1000-protein-double-01.jpg?5e8f87a0;;;;;;;;;;;;Sportovní výživa > Proteiny;Sportovní výživa > Proteiny;Vánoèní dárky;;;;;;;;;Vanilla dream;Strawberry milkshake;-136;;Skladem;;;0;;
105/VAN6;6;CFM WHEY PROTEIN 80 1 kg + 1 kg;Protein&Co.;product;;;;https://cdn.myshoptet.com/usr/www.proteinaco.cz/user/shop/orig/105_1100x825-protein-double-01.jpg?5ea8023e;https://cdn.myshoptet.com/usr/www.proteinaco.cz/user/shop/orig/105-9_cokolada-a-pistacie-1000-protein-double-01.jpg?5e8f87a0;;;;;;;;;;;;Sportovní výživa > Proteiny;Sportovní výživa > Proteiny;Vánoèní dárky;;;;;;;;;Vanilla dream;Chocobanana symphony;-90;;Skladem;;;0;;
105/VAN7;6;CFM WHEY PROTEIN 80 1 kg + 1 kg;Protein&Co.;product;;;;https://cdn.myshoptet.com/usr/www.proteinaco.cz/user/shop/orig/105_1100x825-protein-double-01.jpg?5ea8023e;https://cdn.myshoptet.com/usr/www.proteinaco.cz/user/shop/orig/105-9_cokolada-a-pistacie-1000-protein-double-01.jpg?5e8f87a0;;;;;;;;;;;;Sportovní výživa > Proteiny;Sportovní výživa > Proteiny;Vánoèní dárky;;;;;;;;;Vanilla dream;Pistachio dessert;-170;;Skladem;;;0;;
105/VAN8;6;CFM WHEY PROTEIN 80 1 kg + 1 kg;Protein&Co.;product;;;;https://cdn.myshoptet.com/usr/www.proteinaco.cz/user/shop/orig/105_1100x825-protein-double-01.jpg?5ea8023e;https://cdn.myshoptet.com/usr/www.proteinaco.cz/user/shop/orig/105-9_cokolada-a-pistacie-1000-protein-double-01.jpg?5e8f87a0;;;;;;;;;;;;Sportovní výživa > Proteiny;Sportovní výživa > Proteiny;Vánoèní dárky;;;599,00;;;;;;Vanilla dream;playful cherry;-33;;Skladem;;;0;;
105/VAN9;6;CFM WHEY PROTEIN 80 1 kg + 1 kg;Protein&Co.;product;;;;https://cdn.myshoptet.com/usr/www.proteinaco.cz/user/shop/orig/105_1100x825-protein-double-01.jpg?5ea8023e;https://cdn.myshoptet.com/usr/www.proteinaco.cz/user/shop/orig/105-9_cokolada-a-pistacie-1000-protein-double-01.jpg?5e8f87a0;;;;;;;;;;;;Sportovní výživa > Proteiny;Sportovní výživa > Proteiny;Vánoèní dárky;;;599,00;;;;;;hazelnut treat;Vanilla dream;-23;;Skladem;;;0;;
100;;BURNER AKCE 1+1 ZDARMA - spalovaè tukù 50 cps;Protein&Co.;product;;;;https://cdn.myshoptet.com/usr/www.proteinaco.cz/user/shop/orig/108-1_2-burnery.jpg?5e0d0d2c;;;;;;;;;;;;;Sportovní výživa > Spalovaèe tukù;Sportovní výživa > Spalovaèe tukù;;;;395,00;;;;;;;;0;;Skladem;;;;;
101;;Booster nakopávaè 1+1 zdarma;Protein&Co.;product;745125345215;;;https://cdn.myshoptet.com/usr/www.proteinaco.cz/user/shop/orig/111-1_booster.jpg?5c4c7f3d;https://cdn.myshoptet.com/usr/www.proteinaco.cz/user/shop/orig/111_booster.jpg?5c4c7b82;;;;;;;;;;;;Sportovní výživa > Anabolizéry, nakopávaèe, NO;Sportovní výživa > Anabolizéry, nakopávaèe, NO;Vánoèní dárky;;;434,00;;;;;;;;-14;;Skladem;;;;;
117;;Omega-3 mastné kyseliny 80 kapslí;;product;745125345369;;;https://cdn.myshoptet.com/usr/www.proteinaco.cz/user/shop/orig/117_1100x825-omega-3-01.jpg?5e0d0dc8;;;;;;;;;;;;;Sportovní výživa > Vitamíny a minerály ;Sportovní výživa > Aminokyseliny;Sportovní výživa > Vitamíny a minerály ;;;142,00;;;;;;;;-271;;Skladem;;;;;
120;;HMB – hydroxymethylbutyrate 80 kapslí;;product;745125345260;;;https://cdn.myshoptet.com/usr/www.proteinaco.cz/user/shop/orig/120-1_1100x825-hmb-01.jpg?5e0d0d70;;;;;;;;;;;;;Sportovní výživa > Anabolizéry, nakopávaèe, NO;Sportovní výživa > Anabolizéry, nakopávaèe, NO;;;;134,00;;;;;;;;6;;Skladem;;;;;
126;;BIO Kokosový cukr 400 g;;product;745125345307;;;https://cdn.myshoptet.com/usr/www.proteinaco.cz/user/shop/orig/126_1100x825-coconut-sugar-01.jpg?5e0d0caf;;;;;;;;;;;;;Zdravé potraviny;Sportovní výživa;Zdravé potraviny;;;78,21;;;;;;;;-60;;Skladem;;;;;
129;;Psyllium ze semen jitrocele indického - 200g;;product;;;;;;;;;;;;;;;;;Zdravé potraviny;Sportovní výživa;Zdravé potraviny;;;;;;;;;;;0;;;;;;;
135;;chia semínka BIO - 200 g;;product;745125345277;;;https://cdn.myshoptet.com/usr/www.proteinaco.cz/user/shop/orig/135_1100x825-chia-seeds-01.jpg?5e0d0d84;;;;;;;;;;;;;Zdravé potraviny;Sportovní výživa;Zdravé potraviny;;;79,00;;;;;;;;-44;;Skladem;;;;;
141;;Mandle natural neloupané 500 g;;product;745125345475;;;https://cdn.myshoptet.com/usr/www.proteinaco.cz/user/shop/orig/141_mandle-500-orisky-01.jpg?5e7df6a0;;;;;;;;;;;;;Sportovní výživa;Sportovní výživa;Zdravé potraviny > Oøechy a sušené ovoce ;;;;;;;;;;;-99;;;;;;;
147;;Kešu natural 500 g;;product;745125345468;;;https://cdn.myshoptet.com/usr/www.proteinaco.cz/user/shop/orig/147_kesu-500-orisky-01.jpg?5e7df451;;;;;;;;;;;;;Zdravé potraviny;Zdravé potraviny > Oøechy a sušené ovoce ;;;;;;;;;;;;-133;;;;;;;
150;;vlašské oøechy;;product;;;;;;;;;;;;;;;;;;;;;;;;;;;;;;0;;;;;;;
153;;sušená jablka;;product;;;;;;;;;;;;;;;;;;;;;;;;;;;;;;0;;;;;;;
156;;kakao;;product;;;;;;;;;;;;;;;;;;;;;;;;;;;;;;0;;;;;;;
159;;skoøice;;product;;;;;;;;;;;;;;;;;;;;;;;;;;;;;;0;;;;;;;
165/FAN;7;100% Gainer 2 kg;;product;745125345246;;https://cdn.myshoptet.com/usr/www.proteinaco.cz/user/shop/orig/165-2_1100x825-gainer-cokolada.jpg?5e3185f0;https://cdn.myshoptet.com/usr/www.proteinaco.cz/user/shop/orig/165-2_1100x825-gainer-cokolada.jpg?5e3185f0;https://cdn.myshoptet.com/usr/www.proteinaco.cz/user/shop/orig/165-3_1100x825-gainer-pistacie.jpg?5e3185f1;;;;;;;;;;;;Sportovní výživa;Sportovní výživa > Proteiny;;;;331,00;;;;fantastic chocolate;;;;-65;;Skladem;;;;;
165/PIS2;7;100% Gainer 2 kg;;product;745125345253;;https://cdn.myshoptet.com/usr/www.proteinaco.cz/user/shop/orig/165-3_1100x825-gainer-pistacie.jpg?5e3185f1;https://cdn.myshoptet.com/usr/www.proteinaco.cz/user/shop/orig/165-2_1100x825-gainer-cokolada.jpg?5e3185f0;https://cdn.myshoptet.com/usr/www.proteinaco.cz/user/shop/orig/165-3_1100x825-gainer-pistacie.jpg?5e3185f1;;;;;;;;;;;;Sportovní výživa;Sportovní výživa > Proteiny;;;;331,00;;;;pistachio magic;;;;-23;;Skladem;;;;;
171;;4 kg gaineru + kreatin zdarma;;product;;;;https://cdn.myshoptet.com/usr/www.proteinaco.cz/user/shop/orig/171_gainer-gainer-kreatin.jpg?5d1c6a9b;;;;;;;;;;;;;Sportovní výživa > Proteiny;Sportovní výživa > Proteiny;;;;;;;;;;;;0;;;;;;;
177;;100% VIRGIN WHEY 1 kg;;product;745125345000;;;https://cdn.myshoptet.com/usr/www.proteinaco.cz/user/shop/orig/177-2_virgin-1000-protein-01.jpg?5da899fd;;;;;;;;;;;;;Sportovní výživa > Proteiny;Sportovní výživa > Proteiny;Zlevnìné zboží;;;229,00;;;;;;;;-335;;Skladem;;;;;
183;;multivitamin 60 tablet;;product;745125345352;;;https://cdn.myshoptet.com/usr/www.proteinaco.cz/user/shop/orig/183_1100x825-multivitamin-01.jpg?5e0d0db3;;;;;;;;;;;;;Sportovní výživa > Vitamíny a minerály ;Sportovní výživa > Vitamíny a minerály ;Vánoèní dárky;;;134,00;;;;;;;;-193;;Skladem;;;;;
189;;L-Carnitine MAX 100 cps;;product;745125345321;;;https://cdn.myshoptet.com/usr/www.proteinaco.cz/user/shop/orig/189-1_1100x825-l-carnitine-01.jpg?5e0d0d97;;;;;;;;;;;;;Sportovní výživa > Spalovaèe tukù;Sportovní výživa > Spalovaèe tukù;Vánoèní dárky;;;260,00;;;;;;;;-1;;Momentálnì nedostupné;;;;;
192;;2x L-carnitine MAX + multivitamin zdarma;Protein&Co.;product;;;;https://cdn.myshoptet.com/usr/www.proteinaco.cz/user/shop/orig/192_2-l-carnitin-multivitamin-zdarma.jpg?5d3d9db0;;;;;;;;;;;;;Sportovní výživa > Spalovaèe tukù;Sportovní výživa > Spalovaèe tukù;Sportovní výživa > Vitamíny a minerály ;;;;;;;;;;;0;;;;;;;
198;;Zdravá snídanì na celý mìsíc – Proteinové kaše s chia 5x 480 g;;product;;;;https://cdn.myshoptet.com/usr/www.proteinaco.cz/user/shop/orig/198-1_1100x825-kase-5ks-01.jpg?5e8c3f38;;;;;;;;;;;;;Zdravé potraviny;Sportovní výživa;Vánoèní dárky;Zdravé potraviny > Kaše, müsli a cereálie;;;;;;;;;;-624;;Skladem;;;;;
203;;BCAA MEGA CAPS 80 kapslí;;product;745125345123;;;https://cdn.myshoptet.com/usr/www.proteinaco.cz/user/shop/orig/203_1100x825-bcaa-mega-caps-01.jpg?5dd315c1;;;;;;;;;;;;;Sportovní výživa > Aminokyseliny;Sportovní výživa > Aminokyseliny;;;;219,00;;;;;;;;-37;;Skladem;;;;;
209;;Strong Joints – kloubní výživa 60 tbl – 1 + 1 balení ZDARMA;;product;745125345444;;;https://cdn.myshoptet.com/usr/www.proteinaco.cz/user/shop/orig/209_1100x825-strong-joints-01.jpg?5dd54b09;;;;;;;;;;;;;Sportovní výživa > Vitamíny a minerály ;Sportovní výživa > Vitamíny a minerály ;;;;219,00;;;;;;;;-140;;Skladem;;;;;
215;;Vitamin C  1000 80 tablet;;product;745125345390;;;https://cdn.myshoptet.com/usr/www.proteinaco.cz/user/shop/orig/215_1100x825-vitamin-c-1000-01.jpg?5dd562d9;;;;;;;;;;;;;Sportovní výživa > Vitamíny a minerály ;Sportovní výživa > Vitamíny a minerály ;;;;89,00;;;;;;;;-98;;Skladem;;;;;
218;;Magnesium + B6 50 tbl.;;product;745125345345;;;https://cdn.myshoptet.com/usr/www.proteinaco.cz/user/shop/orig/218_1100x825-magnesium-01.jpg?5dd5701c;;;;;;;;;;;;;Sportovní výživa > Vitamíny a minerály ;Sportovní výživa > Vitamíny a minerály ;;;;129,00;;;;;;;;-126;;Skladem;;;;;
224;;Arašídové máslo 330 g;;product;745125345581;;;https://cdn.myshoptet.com/usr/www.proteinaco.cz/user/shop/orig/224-2_1100x825-masla-arasidove.jpg?5ecd186e;https://cdn.myshoptet.com/usr/www.proteinaco.cz/user/shop/orig/224_arasidove-maslo-mockup.jpg?5e0b5203;;;;;;;;;;;;Zdravé potraviny > Oøíšková másla;Zdravé potraviny >> Oøíšková másla;Zlevnìné zboží;;;;;;;;;;;-262;;Skladem;;;;;
230;;Lískooøíškové máslo 330 g;;product;745125345611;;;https://cdn.myshoptet.com/usr/www.proteinaco.cz/user/shop/orig/230-2_1100x825-masla-liskooriskove.jpg?5ecd18ba;https://cdn.myshoptet.com/usr/www.proteinaco.cz/user/shop/orig/230-1_liskooriskove-maslo-mockup.jpg?5e0cc51e;;;;;;;;;;;;Zdravé potraviny > Oøíšková másla;Zdravé potraviny >> Oøíšková másla;;;;139,00;;;;;;;;-48;;Skladem;;;;;
236;;Kešu máslo 330 g;;product;745125345604;;;https://cdn.myshoptet.com/usr/www.proteinaco.cz/user/shop/orig/236-2_1100x825-masla-kesu.jpg?5ecd18a3;https://cdn.myshoptet.com/usr/www.proteinaco.cz/user/shop/orig/236-1_kesu-maslo-mockup.jpg?5e0cd7b4;;;;;;;;;;;;Zdravé potraviny > Oøíšková másla;Zdravé potraviny >> Oøíšková másla;;;;139,00;;;;;;;;-84;;Skladem;;;;;
239;;Mandlové máslo 330 g;;product;745125345598;;;https://cdn.myshoptet.com/usr/www.proteinaco.cz/user/shop/orig/239-2_1100x825-masla-mandle.jpg?5ecd18de;https://cdn.myshoptet.com/usr/www.proteinaco.cz/user/shop/orig/239-1_mandlove-maslo-mockup.jpg?5e0cd936;;;;;;;;;;;;Zdravé potraviny > Oøíšková másla;Zdravé potraviny >> Oøíšková másla;;;;149,00;;;;;;;;-67;;Skladem;;;;;
242;;Dárkový balíèek másel 4x 330 g;;product;;;;https://cdn.myshoptet.com/usr/www.proteinaco.cz/user/shop/orig/242-1_1100x825-masla-balicek-4-natural.jpg?5e997aa6;;;;;;;;;;;;;Zdravé potraviny > Oøíšková másla;Zdravé potraviny >> Oøíšková másla;Zlevnìné zboží;;;;;;;;;;;-50;;Skladem;;;;;
248;;NATURAL WHEY 1 kg;;product;745125345017;;;https://cdn.myshoptet.com/usr/www.proteinaco.cz/user/shop/orig/248_jahoda-1000-natural-whey-01.jpg?5e31d7ee;;;;;;;;;;;;;Sportovní výživa > Proteiny;Sportovní výživa > Proteiny;;;;549,00;;;;;;;;-23;;Skladem;;;;;
260/EXO;8;BCAA ENHANCED - komplex aminokyselin 250g;;product;745125345109;;https://cdn.myshoptet.com/usr/www.proteinaco.cz/user/shop/orig/260-1_enhanced-bcaa-ananas-01.jpg?5e66558d;https://cdn.myshoptet.com/usr/www.proteinaco.cz/user/shop/orig/260_enhanced-bcaa-jablko-01.jpg?5e66558c;https://cdn.myshoptet.com/usr/www.proteinaco.cz/user/shop/orig/260-1_enhanced-bcaa-ananas-01.jpg?5e66558d;;;;;;;;;;;;Sportovní výživa > Aminokyseliny;Sportovní výživa > Aminokyseliny;;;;;;;;exotic pineapple;;;;-36;;Skladem;;;;;
260/SOU;8;BCAA ENHANCED - komplex aminokyselin 250g;;product;745125345116;;https://cdn.myshoptet.com/usr/www.proteinaco.cz/user/shop/orig/260_enhanced-bcaa-jablko-01.jpg?5e66558c;https://cdn.myshoptet.com/usr/www.proteinaco.cz/user/shop/orig/260_enhanced-bcaa-jablko-01.jpg?5e66558c;https://cdn.myshoptet.com/usr/www.proteinaco.cz/user/shop/orig/260-1_enhanced-bcaa-ananas-01.jpg?5e66558d;;;;;;;;;;;;Sportovní výživa > Aminokyseliny;Sportovní výživa > Aminokyseliny;;;;;;;;sour apple;;;;-39;;Skladem;;;;;
261;;FAT BURNER 2.0   spalovaè tukù 50 cps - AKCE 1+1 BALENÍ ZDARMA;;product;745125345239;;;https://cdn.myshoptet.com/usr/www.proteinaco.cz/user/shop/orig/266_1100x825-fat-burner-01.jpg?5e5d4515;;;;;;;;;;;;;Sportovní výživa > Spalovaèe tukù;Sportovní výživa > Spalovaèe tukù;;;;;;;;;;;;82;;Skladem;;;;;
272;;Arašídy natural 500 g;;product;745125345451;;;https://cdn.myshoptet.com/usr/www.proteinaco.cz/user/shop/orig/272_arasidy-500-orisky-01.jpg?5e7df412;;;;;;;;;;;;;Zdravé potraviny > Oøechy a sušené ovoce ;Zdravé potraviny > Oøechy a sušené ovoce ;;;;;;;;;;;;-109;;;;;;;
278;;Pistácie pražené solené 500 g;;product;745125345499;;;https://cdn.myshoptet.com/usr/www.proteinaco.cz/user/shop/orig/278_pistacie-500-orisky-01.jpg?5e7df3cd;;;;;;;;;;;;;Zdravé potraviny > Oøechy a sušené ovoce ;Zdravé potraviny > Oøechy a sušené ovoce ;;;;;;;;;;;;-42;;;;;;;
284;;Balíèek na podporu imunity;;product;;;;https://cdn.myshoptet.com/usr/www.proteinaco.cz/user/shop/orig/284_242-4-masla.jpg?5e723b50;;;;;;;;;;;;;Zdravé potraviny;Zdravé potraviny;Sportovní výživa > Vitamíny a minerály ;;;;;;;;;;;-87;;Skladem;;;;;
290;;Para oøechy 500 g;;product;745125345482;;;https://cdn.myshoptet.com/usr/www.proteinaco.cz/user/shop/orig/290_para-orech-500-orisky-01.jpg?5e7df391;;;;;;;;;;;;;Zdravé potraviny > Oøechy a sušené ovoce ;Zdravé potraviny > Oøechy a sušené ovoce ;;;;;;;;;;;;-68;;;;;;;
296;;PUMP IT NOW - Pøedtrénínkový stimulant - 90 CPS;;product;745125345376;;;https://cdn.myshoptet.com/usr/www.proteinaco.cz/user/shop/orig/296_1100x825-nakopavac-pumpa-01.jpg?5e959909;;;;;;;;;;;;;Sportovní výživa > Anabolizéry, nakopávaèe, NO;Sportovní výživa > Anabolizéry, nakopávaèe, NO;;;;;;;;;;;;-20;;;;;;;
302;;Arašídové máslo s bílou èokoládou a jahodami 330 g;;product;745125345505;;;https://cdn.myshoptet.com/usr/www.proteinaco.cz/user/shop/orig/302-1_1100x825-masla-arasidy-s-bilou-cokoladou-a-jahodami.jpg?5ecd185d;;;;;;;;;;;;;Zdravé potraviny > Oøíšková másla;Zdravé potraviny > Oøíšková másla;;;;;;;;;;;;-47;;;;;;;
303;;Mandlové máslo s bílou èokoládou a jahodami 330 g;;product;745125345529;;;https://cdn.myshoptet.com/usr/www.proteinaco.cz/user/shop/orig/308-1_1100x825-masla-mandle-s-bilou-cokoladou-a-jahodami.jpg?5ecd18f8;;;;;;;;;;;;;Zdravé potraviny > Oøíšková másla;Zdravé potraviny > Oøíšková másla;;;;;;;;;;;;-53;;;;;;;
311;;Arašídové máslo s bílou èokoládou a kokosem 330 g;;product;745125345512;;;https://cdn.myshoptet.com/usr/www.proteinaco.cz/user/shop/orig/311-1_1100x825-masla-arasidy-s-bilou-cokoladou-a-kokosem.jpg?5ecd1881;;;;;;;;;;;;;Zdravé potraviny > Oøíšková másla;Zdravé potraviny > Oøíšková másla;;;;;;;;;;;;-69;;;;;;;
312;;Mandlové máslo s bílou èokoládou a kokosem 330 g;;product;745125345536;;;https://cdn.myshoptet.com/usr/www.proteinaco.cz/user/shop/orig/314-1_1100x825-masla-mandle-s-bilou-cokoladou-a-kokosem.jpg?5ecd190b;;;;;;;;;;;;;Zdravé potraviny > Oøíšková másla;Zdravé potraviny > Oøíšková másla;;;;;;;;;;;;-38;;;;;;;
317;;Lískooøíškové máslo s belgickou èokoládou 330g;;product;745125345543;;;https://cdn.myshoptet.com/usr/www.proteinaco.cz/user/shop/orig/317-1_1100x825-masla-liskooriskove-a-belgicka-cokolada.jpg?5ecd18cd;;;;;;;;;;;;;Zdravé potraviny > Oøíšková másla;Zdravé potraviny > Oøíšková másla;;;;;;;;;;;;-99;;;;;;;
323;;Natural Jihlava Žitná celozrnná mouka 1kg;;product;;;;https://cdn.myshoptet.com/usr/www.proteinaco.cz/user/shop/orig/323_35a9cadf31fe180c2e57462b29342b4aa5608079.jpg?5ea18d0b;;;;;;;;;;;;;Zdravé potraviny > mouky, obiloviny a peèicí smìsi;Zdravé potraviny > mouky, obiloviny a peèicí smìsi;;;;;;;;;;;;-8;;;;;;;
329;;Nominal Bezlepková smìs na chléb s pohankovou vlákninou 500 g;;product;;;;https://cdn.myshoptet.com/usr/www.proteinaco.cz/user/shop/orig/329_nominal-blp-smes-na-chleb-s-pohankovou-vlakninou-500g.jpg?5ea1906e;;;;;;;;;;;;;Zdravé potraviny > mouky, obiloviny a peèicí smìsi;Zdravé potraviny > mouky, obiloviny a peèicí smìsi;;;;;;;;;;;;0;;;;;;;
332;;Nominal Bezlepková smìs na chléb s lnìnou vlákninou 500 g;;product;;;;https://cdn.myshoptet.com/usr/www.proteinaco.cz/user/shop/orig/332_nominal-bezlepkova-smes-na-chleb-s-lnenou-vlaknou-500g.jpg?5ea19295;;;;;;;;;;;;;Zdravé potraviny > mouky, obiloviny a peèicí smìsi;Zdravé potraviny > mouky, obiloviny a peèicí smìsi;;;;;;;;;;;;-1;;;;;;;
335;;NOMINAL Smìs na bezlepkový chléb rustikální 500 g;;product;;;;https://cdn.myshoptet.com/usr/www.proteinaco.cz/user/shop/orig/335_nominal-smes-na-bezlepkovy-chleb-rustikalni-500g.jpg?5ea195f8;;;;;;;;;;;;;Zdravé potraviny > mouky, obiloviny a peèicí smìsi;Zdravé potraviny > mouky, obiloviny a peèicí smìsi;;;;;;;;;;;;0;;;;;;;
336;;Nominal Smìs na chléb s chia semínky 500 g;;product;;;;https://cdn.myshoptet.com/usr/www.proteinaco.cz/user/shop/orig/338_nominal-bezlepkova-smes-na-chleb-s-chia-seminky-500g.jpg?5ea29c3f;;;;;;;;;;;;;Zdravé potraviny > mouky, obiloviny a peèicí smìsi;Zdravé potraviny > mouky, obiloviny a peèicí smìsi;;;;;;;;;;;;0;;;;;;;
344;;Balíèek pro návrat do posilky;;product;;;;https://cdn.myshoptet.com/usr/www.proteinaco.cz/user/shop/orig/344_balicek-nabirani.jpg?5ea2cde7;;;;;;;;;;;;;Sportovní výživa;Sportovní výživa;;;;;;;;;;;;-4;;;;;;;
347;;Balíèek HUBNUTÍ;;product;;;;https://cdn.myshoptet.com/usr/www.proteinaco.cz/user/shop/orig/347_balicek-hubnuti.jpg?5ea2ce26;;;;;;;;;;;;;Sportovní výživa;Sportovní výživa;;;;;;;;;;;;0;;;;;;;
353;;Nomix bezlepková mouka 1 000 g;;product;;;;https://cdn.myshoptet.com/usr/www.proteinaco.cz/user/shop/orig/353_blpmouka-nominal-1000g.jpg?5ea6c51d;;;;;;;;;;;;;Zdravé potraviny > Mouky, obiloviny a peèicí smìsi;Zdravé potraviny > Mouky, obiloviny a peèicí smìsi;;;;;;;;;;;;0;;;;;;;
356;;Nomix bezlepková mouka 500 g;;product;;;;https://cdn.myshoptet.com/usr/www.proteinaco.cz/user/shop/orig/356_blpmouka-nominal-500g.png?5ea6c725;;;;;;;;;;;;;Zdravé potraviny > Mouky, obiloviny a peèicí smìsi;Zdravé potraviny > Mouky, obiloviny a peèicí smìsi;;;;;;;;;;;;0;;;;;;;
359;;Rýžová mouka instantní 200 g;;product;;;;https://cdn.myshoptet.com/usr/www.proteinaco.cz/user/shop/orig/359_ryzova-mouka-nominal.jpg?5ea708f0;;;;;;;;;;;;;Zdravé potraviny > Mouky, obiloviny a peèicí smìsi;Zdravé potraviny > Mouky, obiloviny a peèicí smìsi;;;;;;;;;;;;0;;;;;;;
362;;Celozrnná mouka špaldová jemnì mletá 1 000 g;;product;;;;https://cdn.myshoptet.com/usr/www.proteinaco.cz/user/shop/orig/362_spaldova-mouka-nominal.jpg?5ea70d18;;;;;;;;;;;;;Zdravé potraviny > Mouky, obiloviny a peèicí smìsi;Zdravé potraviny > Mouky, obiloviny a peèicí smìsi;;;;;;;;;;;;0;;;;;;;
368;;Cereální kaše Nomina jáhlová 300 g;;product;;;;https://cdn.myshoptet.com/usr/www.proteinaco.cz/user/shop/orig/368_kase-jahlova-nominal.jpg?5ea7367a;;;;;;;;;;;;;Zdravé potraviny > Kaše, müsli a cereálie;Zdravé potraviny > Kaše, müsli a cereálie;;;;;;;;;;;;0;;;;;;;
374;;Cereální kaše Nomina pohanková 300 g;;product;;;;https://cdn.myshoptet.com/usr/www.proteinaco.cz/user/shop/orig/374_kase-pohankova-nominal.jpg?5ea9489e;;;;;;;;;;;;;Zdravé potraviny > Kaše, müsli a cereálie;Zdravé potraviny > Kaše, müsli a cereálie;;;;;;;;;;;;0;;;;;;;
380;;Cereální kaše Nomina rýžová 300 g;;product;;;;https://cdn.myshoptet.com/usr/www.proteinaco.cz/user/shop/orig/380_kase-ryzova-nominal.jpg?5eaab11d;;;;;;;;;;;;;Zdravé potraviny > Kaše, müsli a cereálie;Zdravé potraviny > Kaše, müsli a cereálie;;;;;;;;;;;;0;;;;;;;
386;;Cereální kaše Nomina èiroková 300 g;;product;;;;https://cdn.myshoptet.com/usr/www.proteinaco.cz/user/shop/orig/386_cirokova-kase-nominal.jpg?5eaab8b8;;;;;;;;;;;;;Zdravé potraviny > Kaše, müsli a cereálie;Zdravé potraviny > Kaše, müsli a cereálie;;;;;;;;;;;;0;;;;;;;
392;;Cereální kaše Nomina špaldová 300 g;;product;;;;https://cdn.myshoptet.com/usr/www.proteinaco.cz/user/shop/orig/392_spaldova-kase-nominal.jpg?5eaac340;;;;;;;;;;;;;Zdravé potraviny > Kaše, müsli a cereálie;Zdravé potraviny > Kaše, müsli a cereálie;;;;;;;;;;;;0;;;;;;;
395;;Cereální kaše Nomina lahodná 300 g;;product;;;;https://cdn.myshoptet.com/usr/www.proteinaco.cz/user/shop/orig/395_lahodna-kase-nominal.jpg?5eaaf90f;;;;;;;;;;;;;Zdravé potraviny > Kaše, müsli a cereálie;Zdravé potraviny > Kaše, müsli a cereálie;;;;;;;;;;;;0;;;;;;;
398;;Cereální kaše Nomina semínková 300 g;;product;;;;https://cdn.myshoptet.com/usr/www.proteinaco.cz/user/shop/orig/398_seminkova-kase-nominal.jpg?5eab00e3;;;;;;;;;;;;;Zdravé potraviny > Kaše, müsli a cereálie;Zdravé potraviny > Kaše, müsli a cereálie;;;;;;;;;;;;0;;;;;;;
404;;Cereální kaše Nomina vícezrnná 300 g;;product;;;;https://cdn.myshoptet.com/usr/www.proteinaco.cz/user/shop/orig/404_vicezrnna-kase-nominal.jpg?5eac099b;;;;;;;;;;;;;Zdravé potraviny > Kaše, müsli a cereálie;Zdravé potraviny > Kaše, müsli a cereálie;;;;;;;;;;;;0;;;;;;;
410;;Lnìný olej ZE STODOLY 250 ml;;product;;;;https://cdn.myshoptet.com/usr/www.proteinaco.cz/user/shop/orig/410_lneny-olej-zestodoly.jpg?5ead1922;;;;;;;;;;;;;Zdravé potraviny > Oleje;Zdravé potraviny > Oleje;;;;;;;;;;;;0;;;;;;;
416;;Olej dýòový za studena lisovaný Natural Jihlava 250 ml;;product;;;;https://cdn.myshoptet.com/usr/www.proteinaco.cz/user/shop/orig/416_dynovy-olej-naturaljihlava.jpg?5ead5155;;;;;;;;;;;;;Zdravé potraviny > Oleje;Zdravé potraviny > Oleje;;;;;;;;;;;;0;;;;;;;
419;;Makový olej ZE STODOLY 250 ml;;product;;;;https://cdn.myshoptet.com/usr/www.proteinaco.cz/user/shop/orig/419_makovy-olej-zestodoly.jpg?5ead5a1d;;;;;;;;;;;;;Zdravé potraviny > Oleje;Zdravé potraviny > Oleje;;;;;;;;;;;;0;;;;;;;
423/FAN;9;Testovací produkt;;product;;;;https://cdn.myshoptet.com/usr/www.proteinaco.cz/user/shop/orig/423_1100x825-gainer-cokolada.jpg?5eb1982d;https://cdn.myshoptet.com/usr/www.proteinaco.cz/user/shop/orig/423-1_1100x825-gainer-pistacie.jpg?5eb1982d;;;;;;;;;;;;Kampaòe;Kampaòe;;;;331,00;;;;fantastic chocolate;;;;-38;;Skladem;;;0;;
423/PIS;9;Testovací produkt;;product;;;;https://cdn.myshoptet.com/usr/www.proteinaco.cz/user/shop/orig/423_1100x825-gainer-cokolada.jpg?5eb1982d;https://cdn.myshoptet.com/usr/www.proteinaco.cz/user/shop/orig/423-1_1100x825-gainer-pistacie.jpg?5eb1982d;;;;;;;;;;;;Kampaòe;Kampaòe;;;;331,00;;;;pistachio magic;;;;-11;;Skladem;;;0;;
428;;Øepkový olej ZE STODOLY 250 ml;;product;;;;https://cdn.myshoptet.com/usr/www.proteinaco.cz/user/shop/orig/428_repkovy-olej-zestodoly.jpg?5eb2b176;;;;;;;;;;;;;Zdravé potraviny > Oleje;Zdravé potraviny > Oleje;;;;;;;;;;;;0;;;;;;;
434;;Chlorella TOPNATUR 250 tbl.;;product;;;;https://cdn.myshoptet.com/usr/www.proteinaco.cz/user/shop/orig/434_chlorella-topnatur2.jpg?5eb3cdd8;;;;;;;;;;;;;Zdravé potraviny > Superpotraviny;Zdravé potraviny > Superpotraviny;;;;;;;;;;;;0;;;;;;;
440;;Zelený jeèmen prášek TOPNATUR 150 g;;product;;;;https://cdn.myshoptet.com/usr/www.proteinaco.cz/user/shop/orig/440_zeleny-jemen-prasek-tonaur.jpg?5eb3db40;;;;;;;;;;;;;Zdravé potraviny > Superpotraviny;Zdravé potraviny > Superpotraviny;;;;;;;;;;;;0;;;;;;;
443;;Zelený jeèmen TOPNATUR 350 tbl. (175 g);;product;;;;https://cdn.myshoptet.com/usr/www.proteinaco.cz/user/shop/orig/443_zeleny-jecmen-tbl-topnatur.jpg?5eb3dc11;;;;;;;;;;;;;Zdravé potraviny > Superpotraviny;Zdravé potraviny > Superpotraviny;;;;;;;;;;;;0;;;;;;;
446;;Spirulina TOPNATUR 750 tbl. (200 g);;product;;;;https://cdn.myshoptet.com/usr/www.proteinaco.cz/user/shop/orig/446_spirulina-topnatur.jpg?5eb3dcdd;;;;;;;;;;;;;Zdravé potraviny > Superpotraviny;Zdravé potraviny > Superpotraviny;;;;;;;;;;;;0;;;;;;;
452;;Xylitol sladidlo Natural Jihlava 500 g;;product;;;;https://cdn.myshoptet.com/usr/www.proteinaco.cz/user/shop/orig/452_xylitol-naturaljihlava.jpg?5eb3e934;;;;;;;;;;;;;Zdravé potraviny > Superpotraviny;Zdravé potraviny > Superpotraviny;;;;;;;;;;;;0;;;;;;;
455;;Fine Gusto sušené hovìzí maso – 3 pøíchutì;;product;;;;https://cdn.myshoptet.com/usr/www.proteinaco.cz/user/shop/orig/455_susene-maso-natural.png?5eb3f901;https://cdn.myshoptet.com/usr/www.proteinaco.cz/user/shop/orig/455-1_susene-maso-bbq.png?5eb3f916;https://cdn.myshoptet.com/usr/www.proteinaco.cz/user/shop/orig/455-2_susene-maso-teriyaki.png?5eb3f91f;;;;;;;;;;;Zdravé potraviny > Sušené maso;Zdravé potraviny > Sušené maso;;;;;;;;;;;;0;;;;;;;
461;;Fine Gusto sušené krùtí maso – 3 pøíchutì;;product;;;;https://cdn.myshoptet.com/usr/www.proteinaco.cz/user/shop/orig/461_susene-krutinatural-finegusto.png?5eb4ffa2;https://cdn.myshoptet.com/usr/www.proteinaco.cz/user/shop/orig/461-1_susene-krutibbq-finegusto.png?5eb4ffb4;https://cdn.myshoptet.com/usr/www.proteinaco.cz/user/shop/orig/461-2_susene-kruti-finegusto.png?5eb4ffc4;;;;;;;;;;;Zdravé potraviny > Sušené maso;Zdravé potraviny > Sušené maso;;;;;;;;;;;;0;;;;;;;
467;;Agáve sirup BIO svìtlý premium Natural Jihlava 500 ml;;product;;;;https://cdn.myshoptet.com/usr/www.proteinaco.cz/user/shop/orig/467_sirup-agave-naturaljihlava.jpg?5eb7bf29;;;;;;;;;;;;;Zdravé potraviny > Sladidla a ochucovadla;Zdravé potraviny > Sladidla a ochucovadla;;;;;;;;;;;;0;;;;;;;
470;;Èekankový sirup Originál 480 g;;product;;;;https://cdn.myshoptet.com/usr/www.proteinaco.cz/user/shop/orig/470_cekankova-sirup.jpg?5eb7c4a2;;;;;;;;;;;;;Zdravé potraviny > Sladidla a ochucovadla;Zdravé potraviny > Sladidla a ochucovadla;;;;;;;;;;;;0;;;;;;;
473;;Javorový sirup Natural Jihlava 250 ml;;product;;;;https://cdn.myshoptet.com/usr/www.proteinaco.cz/user/shop/orig/473_javorovy-sirup.jpg?5eb7c86a;;;;;;;;;;;;;Zdravé potraviny > Sladidla a ochucovadla;Zdravé potraviny > Sladidla a ochucovadla;;;;;;;;;;;;0;;;;;;;
479;;Stevia Natusweet liquid 100 ml;;product;;;;https://cdn.myshoptet.com/usr/www.proteinaco.cz/user/shop/orig/479_stevia-liquid.jpg?5eb7e70e;;;;;;;;;;;;;Zdravé potraviny > Sladidla a ochucovadla;Zdravé potraviny > Sladidla a ochucovadla;;;;;;;;;;;;0;;;;;;;
485;;Stévia sladidlo 1:3 Natural Jihlava 400 g;;product;;;;https://cdn.myshoptet.com/usr/www.proteinaco.cz/user/shop/orig/485_stevia1-3.jpg?5eb7f264;;;;;;;;;;;;;Zdravé potraviny > Sladidla a ochucovadla;Zdravé potraviny > Sladidla a ochucovadla;;;;;;;;;;;;0;;;;;;;
491;;Barebells proteinová tyèinka 55 g – 6 pøíchutí;;product;;;;https://cdn.myshoptet.com/usr/www.proteinaco.cz/user/shop/orig/491_orisek-nugat.jpg?5eb95165;https://cdn.myshoptet.com/usr/www.proteinaco.cz/user/shop/orig/491-1_coko-mandle.jpg?5eb951a4;https://cdn.myshoptet.com/usr/www.proteinaco.cz/user/shop/orig/491-2_slane-arasidy.jpg?5eb951a9;https://cdn.myshoptet.com/usr/www.proteinaco.cz/user/shop/orig/491-3_karamel-kesu.jpg?5eb951b0;https://cdn.myshoptet.com/usr/www.proteinaco.cz/user/shop/orig/491-4_coko-citron.jpg?5eb951b8;https://cdn.myshoptet.com/usr/www.proteinaco.cz/user/shop/orig/491-5_kokos-coko.jpg?5eb951c1;;;;;;;;Zdravé potraviny > Tyèinky;Zdravé potraviny > Tyèinky;;;;;;;;;;;;0;;;;;;;
492;;Arašídové máslo s karamelem 330 g;;product;745125345574;;;https://cdn.myshoptet.com/usr/www.proteinaco.cz/user/shop/orig/497-1_1100x825-masla-arasidy-s-karamelem.jpg?5ecd1891;;;;;;;;;;;;;Zdravé potraviny > Oøíšková másla;Zdravé potraviny > Oøíšková másla;;;;;;;;;;;;-77;;;;;;;
493;;Arašídové máslo s mléènou èokoládou 330 g;;product;745125345550;;;https://cdn.myshoptet.com/usr/www.proteinaco.cz/user/shop/orig/521_1100x825-masla-arasidy-s-mlecnou-cokoladou.jpg?5ecd19bc;;;;;;;;;;;;;Zdravé potraviny > Oøíšková másla;Zdravé potraviny > Oøíšková másla;;;;;;;;;;;;-74;;;;;;;
494;;Arašídové máslo s belgickou èokoládou 330 g;;product;745125345567;;;https://cdn.myshoptet.com/usr/www.proteinaco.cz/user/shop/orig/527_1100x825-masla-arasidy-s-belgickou-cokoladou.jpg?5ecd1b24;;;;;;;;;;;;;Zdravé potraviny > Oøíšková másla;Zdravé potraviny > Oøíšková másla;;;;;;;;;;;;-75;;;;;;;
